Workbook

Sheet Summary
A1: Pair | B1: ETF | C1: Underlying | D1: ρ 1m | E1: ρ 5m | F1: ρ 15m | G1: ρ daily (1y) | H1: β 1m | I1: β 5m | J1: β 15m | K1: β daily (1y) | L1: R² 15m | M1: R² daily | N1: n 1m | O1: n 15m | P1: n daily | Q1: ETF minutes traded
A2: AVS/AVGO | B2: AVS | C2: AVGO | D2: =CORREL(R1!$E$2:$E$2731,R1!$F$2:$F$2731) | E2: =CORREL(R5!$E$2:$E$554,R5!$F$2:$F$554) | F2: =CORREL(R15!$E$2:$E$190,R15!$F$2:$F$190) | G2: =CORREL(RD!$D$2:$D$252,RD!$E$2:$E$252) | H2: =SLOPE(R1!$E$2:$E$2731,R1!$F$2:$F$2731) | I2: =SLOPE(R5!$E$2:$E$554,R5!$F$2:$F$554) | J2: =SLOPE(R15!$E$2:$E$190,R15!$F$2:$F$190) | K2: =SLOPE(RD!$D$2:$D$252,RD!$E$2:$E$252) | L2: =RSQ(R15!$E$2:$E$190,R15!$F$2:$F$190) | M2: =RSQ(RD!$D$2:$D$252,RD!$E$2:$E$252) | N2: =COUNT(R1!$E$2:$E$2731) | O2: =COUNT(R15!$E$2:$E$190) | P2: =COUNT(RD!$D$2:$D$252) | Q2: =COUNTIF(R1!$D$2:$D$2731,1)/2730
A3: AAPD/AAPL | B3: AAPD | C3: AAPL | D3: =CORREL(R1!$J$2:$J$2731,R1!$K$2:$K$2731) | E3: =CORREL(R5!$J$2:$J$554,R5!$K$2:$K$554) | F3: =CORREL(R15!$J$2:$J$190,R15!$K$2:$K$190) | G3: =CORREL(RD!$H$2:$H$252,RD!$I$2:$I$252) | H3: =SLOPE(R1!$J$2:$J$2731,R1!$K$2:$K$2731) | I3: =SLOPE(R5!$J$2:$J$554,R5!$K$2:$K$554) | J3: =SLOPE(R15!$J$2:$J$190,R15!$K$2:$K$190) | K3: =SLOPE(RD!$H$2:$H$252,RD!$I$2:$I$252) | L3: =RSQ(R15!$J$2:$J$190,R15!$K$2:$K$190) | M3: =RSQ(RD!$H$2:$H$252,RD!$I$2:$I$252) | N3: =COUNT(R1!$J$2:$J$2731) | O3: =COUNT(R15!$J$2:$J$190) | P3: =COUNT(RD!$H$2:$H$252) | Q3: =COUNTIF(R1!$I$2:$I$2731,1)/2730
A4: METD/META | B4: METD | C4: META | D4: =CORREL(R1!$O$2:$O$2731,R1!$P$2:$P$2731) | E4: =CORREL(R5!$O$2:$O$554,R5!$P$2:$P$554) | F4: =CORREL(R15!$O$2:$O$190,R15!$P$2:$P$190) | G4: =CORREL(RD!$L$2:$L$252,RD!$M$2:$M$252) | H4: =SLOPE(R1!$O$2:$O$2731,R1!$P$2:$P$2731) | I4: =SLOPE(R5!$O$2:$O$554,R5!$P$2:$P$554) | J4: =SLOPE(R15!$O$2:$O$190,R15!$P$2:$P$190) | K4: =SLOPE(RD!$L$2:$L$252,RD!$M$2:$M$252) | L4: =RSQ(R15!$O$2:$O$190,R15!$P$2:$P$190) | M4: =RSQ(RD!$L$2:$L$252,RD!$M$2:$M$252) | N4: =COUNT(R1!$O$2:$O$2731) | O4: =COUNT(R15!$O$2:$O$190) | P4: =COUNT(RD!$L$2:$L$252) | Q4: =COUNTIF(R1!$N$2:$N$2731,1)/2730
A5: MSFD/MSFT | B5: MSFD | C5: MSFT | D5: =CORREL(R1!$T$2:$T$2731,R1!$U$2:$U$2731) | E5: =CORREL(R5!$T$2:$T$554,R5!$U$2:$U$554) | F5: =CORREL(R15!$T$2:$T$190,R15!$U$2:$U$190) | G5: =CORREL(RD!$P$2:$P$252,RD!$Q$2:$Q$252) | H5: =SLOPE(R1!$T$2:$T$2731,R1!$U$2:$U$2731) | I5: =SLOPE(R5!$T$2:$T$554,R5!$U$2:$U$554) | J5: =SLOPE(R15!$T$2:$T$190,R15!$U$2:$U$190) | K5: =SLOPE(RD!$P$2:$P$252,RD!$Q$2:$Q$252) | L5: =RSQ(R15!$T$2:$T$190,R15!$U$2:$U$190) | M5: =RSQ(RD!$P$2:$P$252,RD!$Q$2:$Q$252) | N5: =COUNT(R1!$T$2:$T$2731) | O5: =COUNT(R15!$T$2:$T$190) | P5: =COUNT(RD!$P$2:$P$252) | Q5: =COUNTIF(R1!$S$2:$S$2731,1)/2730
A6: SPDN/SPX | B6: SPDN | C6: SPX | D6: =CORREL(R1!$Y$2:$Y$2731,R1!$Z$2:$Z$2731) | E6: =CORREL(R5!$Y$2:$Y$554,R5!$Z$2:$Z$554) | F6: =CORREL(R15!$Y$2:$Y$190,R15!$Z$2:$Z$190) | G6: =CORREL(RD!$T$2:$T$252,RD!$U$2:$U$252) | H6: =SLOPE(R1!$Y$2:$Y$2731,R1!$Z$2:$Z$2731) | I6: =SLOPE(R5!$Y$2:$Y$554,R5!$Z$2:$Z$554) | J6: =SLOPE(R15!$Y$2:$Y$190,R15!$Z$2:$Z$190) | K6: =SLOPE(RD!$T$2:$T$252,RD!$U$2:$U$252) | L6: =RSQ(R15!$Y$2:$Y$190,R15!$Z$2:$Z$190) | M6: =RSQ(RD!$T$2:$T$252,RD!$U$2:$U$252) | N6: =COUNT(R1!$Y$2:$Y$2731) | O6: =COUNT(R15!$Y$2:$Y$190) | P6: =COUNT(RD!$T$2:$T$252) | Q6: =COUNTIF(R1!$X$2:$X$2731,1)/2730
A7: AMZD/AMZN | B7: AMZD | C7: AMZN | D7: =CORREL(R1!$AD$2:$AD$2731,R1!$AE$2:$AE$2731) | E7: =CORREL(R5!$AD$2:$AD$554,R5!$AE$2:$AE$554) | F7: =CORREL(R15!$AD$2:$AD$190,R15!$AE$2:$AE$190) | G7: =CORREL(RD!$X$2:$X$252,RD!$Y$2:$Y$252) | H7: =SLOPE(R1!$AD$2:$AD$2731,R1!$AE$2:$AE$2731) | I7: =SLOPE(R5!$AD$2:$AD$554,R5!$AE$2:$AE$554) | J7: =SLOPE(R15!$AD$2:$AD$190,R15!$AE$2:$AE$190) | K7: =SLOPE(RD!$X$2:$X$252,RD!$Y$2:$Y$252) | L7: =RSQ(R15!$AD$2:$AD$190,R15!$AE$2:$AE$190) | M7: =RSQ(RD!$X$2:$X$252,RD!$Y$2:$Y$252) | N7: =COUNT(R1!$AD$2:$AD$2731) | O7: =COUNT(R15!$AD$2:$AD$190) | P7: =COUNT(RD!$X$2:$X$252) | Q7: =COUNTIF(R1!$AC$2:$AC$2731,1)/2730
A8: PLTD/PLTR | B8: PLTD | C8: PLTR | D8: =CORREL(R1!$AI$2:$AI$2731,R1!$AJ$2:$AJ$2731) | E8: =CORREL(R5!$AI$2:$AI$554,R5!$AJ$2:$AJ$554) | F8: =CORREL(R15!$AI$2:$AI$190,R15!$AJ$2:$AJ$190) | G8: =CORREL(RD!$AB$2:$AB$252,RD!$AC$2:$AC$252) | H8: =SLOPE(R1!$AI$2:$AI$2731,R1!$AJ$2:$AJ$2731) | I8: =SLOPE(R5!$AI$2:$AI$554,R5!$AJ$2:$AJ$554) | J8: =SLOPE(R15!$AI$2:$AI$190,R15!$AJ$2:$AJ$190) | K8: =SLOPE(RD!$AB$2:$AB$252,RD!$AC$2:$AC$252) | L8: =RSQ(R15!$AI$2:$AI$190,R15!$AJ$2:$AJ$190) | M8: =RSQ(RD!$AB$2:$AB$252,RD!$AC$2:$AC$252) | N8: =COUNT(R1!$AI$2:$AI$2731) | O8: =COUNT(R15!$AI$2:$AI$190) | P8: =COUNT(RD!$AB$2:$AB$252) | Q8: =COUNTIF(R1!$AH$2:$AH$2731,1)/2730

Sheet By Day
A1: Date | B1: ETF | C1: Underlying | D1: ρ 1m | E1: ρ 5m | F1: ρ 15m | G1: β 1m | H1: β 5m | I1: β 15m | J1: n 1m | K1: n 5m | L1: n 15m
A2: 46286 | B2: AVS | C2: AVGO | D2: =IFERROR(CORREL(R1!$E$2:$E$391,R1!$F$2:$F$391),"") | E2: =IFERROR(CORREL(R5!$E$2:$E$80,R5!$F$2:$F$80),"") | F2: =IFERROR(CORREL(R15!$E$2:$E$28,R15!$F$2:$F$28),"") | G2: =IFERROR(SLOPE(R1!$E$2:$E$391,R1!$F$2:$F$391),"") | H2: =IFERROR(SLOPE(R5!$E$2:$E$80,R5!$F$2:$F$80),"") | I2: =IFERROR(SLOPE(R15!$E$2:$E$28,R15!$F$2:$F$28),"") | J2: =COUNT(R1!$E$2:$E$391) | K2: =COUNT(R5!$E$2:$E$80) | L2: =COUNT(R15!$E$2:$E$28)
A3: 46286 | B3: AAPD | C3: AAPL | D3: =IFERROR(CORREL(R1!$J$2:$J$391,R1!$K$2:$K$391),"") | E3: =IFERROR(CORREL(R5!$J$2:$J$80,R5!$K$2:$K$80),"") | F3: =IFERROR(CORREL(R15!$J$2:$J$28,R15!$K$2:$K$28),"") | G3: =IFERROR(SLOPE(R1!$J$2:$J$391,R1!$K$2:$K$391),"") | H3: =IFERROR(SLOPE(R5!$J$2:$J$80,R5!$K$2:$K$80),"") | I3: =IFERROR(SLOPE(R15!$J$2:$J$28,R15!$K$2:$K$28),"") | J3: =COUNT(R1!$J$2:$J$391) | K3: =COUNT(R5!$J$2:$J$80) | L3: =COUNT(R15!$J$2:$J$28)
A4: 46286 | B4: METD | C4: META | D4: =IFERROR(CORREL(R1!$O$2:$O$391,R1!$P$2:$P$391),"") | E4: =IFERROR(CORREL(R5!$O$2:$O$80,R5!$P$2:$P$80),"") | F4: =IFERROR(CORREL(R15!$O$2:$O$28,R15!$P$2:$P$28),"") | G4: =IFERROR(SLOPE(R1!$O$2:$O$391,R1!$P$2:$P$391),"") | H4: =IFERROR(SLOPE(R5!$O$2:$O$80,R5!$P$2:$P$80),"") | I4: =IFERROR(SLOPE(R15!$O$2:$O$28,R15!$P$2:$P$28),"") | J4: =COUNT(R1!$O$2:$O$391) | K4: =COUNT(R5!$O$2:$O$80) | L4: =COUNT(R15!$O$2:$O$28)
A5: 46286 | B5: MSFD | C5: MSFT | D5: =IFERROR(CORREL(R1!$T$2:$T$391,R1!$U$2:$U$391),"") | E5: =IFERROR(CORREL(R5!$T$2:$T$80,R5!$U$2:$U$80),"") | F5: =IFERROR(CORREL(R15!$T$2:$T$28,R15!$U$2:$U$28),"") | G5: =IFERROR(SLOPE(R1!$T$2:$T$391,R1!$U$2:$U$391),"") | H5: =IFERROR(SLOPE(R5!$T$2:$T$80,R5!$U$2:$U$80),"") | I5: =IFERROR(SLOPE(R15!$T$2:$T$28,R15!$U$2:$U$28),"") | J5: =COUNT(R1!$T$2:$T$391) | K5: =COUNT(R5!$T$2:$T$80) | L5: =COUNT(R15!$T$2:$T$28)
A6: 46286 | B6: SPDN | C6: SPX | D6: =IFERROR(CORREL(R1!$Y$2:$Y$391,R1!$Z$2:$Z$391),"") | E6: =IFERROR(CORREL(R5!$Y$2:$Y$80,R5!$Z$2:$Z$80),"") | F6: =IFERROR(CORREL(R15!$Y$2:$Y$28,R15!$Z$2:$Z$28),"") | G6: =IFERROR(SLOPE(R1!$Y$2:$Y$391,R1!$Z$2:$Z$391),"") | H6: =IFERROR(SLOPE(R5!$Y$2:$Y$80,R5!$Z$2:$Z$80),"") | I6: =IFERROR(SLOPE(R15!$Y$2:$Y$28,R15!$Z$2:$Z$28),"") | J6: =COUNT(R1!$Y$2:$Y$391) | K6: =COUNT(R5!$Y$2:$Y$80) | L6: =COUNT(R15!$Y$2:$Y$28)
A7: 46286 | B7: AMZD | C7: AMZN | D7: =IFERROR(CORREL(R1!$AD$2:$AD$391,R1!$AE$2:$AE$391),"") | E7: =IFERROR(CORREL(R5!$AD$2:$AD$80,R5!$AE$2:$AE$80),"") | F7: =IFERROR(CORREL(R15!$AD$2:$AD$28,R15!$AE$2:$AE$28),"") | G7: =IFERROR(SLOPE(R1!$AD$2:$AD$391,R1!$AE$2:$AE$391),"") | H7: =IFERROR(SLOPE(R5!$AD$2:$AD$80,R5!$AE$2:$AE$80),"") | I7: =IFERROR(SLOPE(R15!$AD$2:$AD$28,R15!$AE$2:$AE$28),"") | J7: =COUNT(R1!$AD$2:$AD$391) | K7: =COUNT(R5!$AD$2:$AD$80) | L7: =COUNT(R15!$AD$2:$AD$28)
A8: 46286 | B8: PLTD | C8: PLTR | D8: =IFERROR(CORREL(R1!$AI$2:$AI$391,R1!$AJ$2:$AJ$391),"") | E8: =IFERROR(CORREL(R5!$AI$2:$AI$80,R5!$AJ$2:$AJ$80),"") | F8: =IFERROR(CORREL(R15!$AI$2:$AI$28,R15!$AJ$2:$AJ$28),"") | G8: =IFERROR(SLOPE(R1!$AI$2:$AI$391,R1!$AJ$2:$AJ$391),"") | H8: =IFERROR(SLOPE(R5!$AI$2:$AI$80,R5!$AJ$2:$AJ$80),"") | I8: =IFERROR(SLOPE(R15!$AI$2:$AI$28,R15!$AJ$2:$AJ$28),"") | J8: =COUNT(R1!$AI$2:$AI$391) | K8: =COUNT(R5!$AI$2:$AI$80) | L8: =COUNT(R15!$AI$2:$AI$28)
A9: 46287 | B9: AVS | C9: AVGO | D9: =IFERROR(CORREL(R1!$E$392:$E$781,R1!$F$392:$F$781),"") | E9: =IFERROR(CORREL(R5!$E$81:$E$159,R5!$F$81:$F$159),"") | F9: =IFERROR(CORREL(R15!$E$29:$E$55,R15!$F$29:$F$55),"") | G9: =IFERROR(SLOPE(R1!$E$392:$E$781,R1!$F$392:$F$781),"") | H9: =IFERROR(SLOPE(R5!$E$81:$E$159,R5!$F$81:$F$159),"") | I9: =IFERROR(SLOPE(R15!$E$29:$E$55,R15!$F$29:$F$55),"") | J9: =COUNT(R1!$E$392:$E$781) | K9: =COUNT(R5!$E$81:$E$159) | L9: =COUNT(R15!$E$29:$E$55)
A10: 46287 | B10: AAPD | C10: AAPL | D10: =IFERROR(CORREL(R1!$J$392:$J$781,R1!$K$392:$K$781),"") | E10: =IFERROR(CORREL(R5!$J$81:$J$159,R5!$K$81:$K$159),"") | F10: =IFERROR(CORREL(R15!$J$29:$J$55,R15!$K$29:$K$55),"") | G10: =IFERROR(SLOPE(R1!$J$392:$J$781,R1!$K$392:$K$781),"") | H10: =IFERROR(SLOPE(R5!$J$81:$J$159,R5!$K$81:$K$159),"") | I10: =IFERROR(SLOPE(R15!$J$29:$J$55,R15!$K$29:$K$55),"") | J10: =COUNT(R1!$J$392:$J$781) | K10: =COUNT(R5!$J$81:$J$159) | L10: =COUNT(R15!$J$29:$J$55)
A11: 46287 | B11: METD | C11: META | D11: =IFERROR(CORREL(R1!$O$392:$O$781,R1!$P$392:$P$781),"") | E11: =IFERROR(CORREL(R5!$O$81:$O$159,R5!$P$81:$P$159),"") | F11: =IFERROR(CORREL(R15!$O$29:$O$55,R15!$P$29:$P$55),"") | G11: =IFERROR(SLOPE(R1!$O$392:$O$781,R1!$P$392:$P$781),"") | H11: =IFERROR(SLOPE(R5!$O$81:$O$159,R5!$P$81:$P$159),"") | I11: =IFERROR(SLOPE(R15!$O$29:$O$55,R15!$P$29:$P$55),"") | J11: =COUNT(R1!$O$392:$O$781) | K11: =COUNT(R5!$O$81:$O$159) | L11: =COUNT(R15!$O$29:$O$55)
A12: 46287 | B12: MSFD | C12: MSFT | D12: =IFERROR(CORREL(R1!$T$392:$T$781,R1!$U$392:$U$781),"") | E12: =IFERROR(CORREL(R5!$T$81:$T$159,R5!$U$81:$U$159),"") | F12: =IFERROR(CORREL(R15!$T$29:$T$55,R15!$U$29:$U$55),"") | G12: =IFERROR(SLOPE(R1!$T$392:$T$781,R1!$U$392:$U$781),"") | H12: =IFERROR(SLOPE(R5!$T$81:$T$159,R5!$U$81:$U$159),"") | I12: =IFERROR(SLOPE(R15!$T$29:$T$55,R15!$U$29:$U$55),"") | J12: =COUNT(R1!$T$392:$T$781) | K12: =COUNT(R5!$T$81:$T$159) | L12: =COUNT(R15!$T$29:$T$55)
A13: 46287 | B13: SPDN | C13: SPX | D13: =IFERROR(CORREL(R1!$Y$392:$Y$781,R1!$Z$392:$Z$781),"") | E13: =IFERROR(CORREL(R5!$Y$81:$Y$159,R5!$Z$81:$Z$159),"") | F13: =IFERROR(CORREL(R15!$Y$29:$Y$55,R15!$Z$29:$Z$55),"") | G13: =IFERROR(SLOPE(R1!$Y$392:$Y$781,R1!$Z$392:$Z$781),"") | H13: =IFERROR(SLOPE(R5!$Y$81:$Y$159,R5!$Z$81:$Z$159),"") | I13: =IFERROR(SLOPE(R15!$Y$29:$Y$55,R15!$Z$29:$Z$55),"") | J13: =COUNT(R1!$Y$392:$Y$781) | K13: =COUNT(R5!$Y$81:$Y$159) | L13: =COUNT(R15!$Y$29:$Y$55)
A14: 46287 | B14: AMZD | C14: AMZN | D14: =IFERROR(CORREL(R1!$AD$392:$AD$781,R1!$AE$392:$AE$781),"") | E14: =IFERROR(CORREL(R5!$AD$81:$AD$159,R5!$AE$81:$AE$159),"") | F14: =IFERROR(CORREL(R15!$AD$29:$AD$55,R15!$AE$29:$AE$55),"") | G14: =IFERROR(SLOPE(R1!$AD$392:$AD$781,R1!$AE$392:$AE$781),"") | H14: =IFERROR(SLOPE(R5!$AD$81:$AD$159,R5!$AE$81:$AE$159),"") | I14: =IFERROR(SLOPE(R15!$AD$29:$AD$55,R15!$AE$29:$AE$55),"") | J14: =COUNT(R1!$AD$392:$AD$781) | K14: =COUNT(R5!$AD$81:$AD$159) | L14: =COUNT(R15!$AD$29:$AD$55)
A15: 46287 | B15: PLTD | C15: PLTR | D15: =IFERROR(CORREL(R1!$AI$392:$AI$781,R1!$AJ$392:$AJ$781),"") | E15: =IFERROR(CORREL(R5!$AI$81:$AI$159,R5!$AJ$81:$AJ$159),"") | F15: =IFERROR(CORREL(R15!$AI$29:$AI$55,R15!$AJ$29:$AJ$55),"") | G15: =IFERROR(SLOPE(R1!$AI$392:$AI$781,R1!$AJ$392:$AJ$781),"") | H15: =IFERROR(SLOPE(R5!$AI$81:$AI$159,R5!$AJ$81:$AJ$159),"") | I15: =IFERROR(SLOPE(R15!$AI$29:$AI$55,R15!$AJ$29:$AJ$55),"") | J15: =COUNT(R1!$AI$392:$AI$781) | K15: =COUNT(R5!$AI$81:$AI$159) | L15: =COUNT(R15!$AI$29:$AI$55)
A16: 46288 | B16: AVS | C16: AVGO | D16: =IFERROR(CORREL(R1!$E$782:$E$1171,R1!$F$782:$F$1171),"") | E16: =IFERROR(CORREL(R5!$E$160:$E$238,R5!$F$160:$F$238),"") | F16: =IFERROR(CORREL(R15!$E$56:$E$82,R15!$F$56:$F$82),"") | G16: =IFERROR(SLOPE(R1!$E$782:$E$1171,R1!$F$782:$F$1171),"") | H16: =IFERROR(SLOPE(R5!$E$160:$E$238,R5!$F$160:$F$238),"") | I16: =IFERROR(SLOPE(R15!$E$56:$E$82,R15!$F$56:$F$82),"") | J16: =COUNT(R1!$E$782:$E$1171) | K16: =COUNT(R5!$E$160:$E$238) | L16: =COUNT(R15!$E$56:$E$82)
A17: 46288 | B17: AAPD | C17: AAPL | D17: =IFERROR(CORREL(R1!$J$782:$J$1171,R1!$K$782:$K$1171),"") | E17: =IFERROR(CORREL(R5!$J$160:$J$238,R5!$K$160:$K$238),"") | F17: =IFERROR(CORREL(R15!$J$56:$J$82,R15!$K$56:$K$82),"") | G17: =IFERROR(SLOPE(R1!$J$782:$J$1171,R1!$K$782:$K$1171),"") | H17: =IFERROR(SLOPE(R5!$J$160:$J$238,R5!$K$160:$K$238),"") | I17: =IFERROR(SLOPE(R15!$J$56:$J$82,R15!$K$56:$K$82),"") | J17: =COUNT(R1!$J$782:$J$1171) | K17: =COUNT(R5!$J$160:$J$238) | L17: =COUNT(R15!$J$56:$J$82)
A18: 46288 | B18: METD | C18: META | D18: =IFERROR(CORREL(R1!$O$782:$O$1171,R1!$P$782:$P$1171),"") | E18: =IFERROR(CORREL(R5!$O$160:$O$238,R5!$P$160:$P$238),"") | F18: =IFERROR(CORREL(R15!$O$56:$O$82,R15!$P$56:$P$82),"") | G18: =IFERROR(SLOPE(R1!$O$782:$O$1171,R1!$P$782:$P$1171),"") | H18: =IFERROR(SLOPE(R5!$O$160:$O$238,R5!$P$160:$P$238),"") | I18: =IFERROR(SLOPE(R15!$O$56:$O$82,R15!$P$56:$P$82),"") | J18: =COUNT(R1!$O$782:$O$1171) | K18: =COUNT(R5!$O$160:$O$238) | L18: =COUNT(R15!$O$56:$O$82)
A19: 46288 | B19: MSFD | C19: MSFT | D19: =IFERROR(CORREL(R1!$T$782:$T$1171,R1!$U$782:$U$1171),"") | E19: =IFERROR(CORREL(R5!$T$160:$T$238,R5!$U$160:$U$238),"") | F19: =IFERROR(CORREL(R15!$T$56:$T$82,R15!$U$56:$U$82),"") | G19: =IFERROR(SLOPE(R1!$T$782:$T$1171,R1!$U$782:$U$1171),"") | H19: =IFERROR(SLOPE(R5!$T$160:$T$238,R5!$U$160:$U$238),"") | I19: =IFERROR(SLOPE(R15!$T$56:$T$82,R15!$U$56:$U$82),"") | J19: =COUNT(R1!$T$782:$T$1171) | K19: =COUNT(R5!$T$160:$T$238) | L19: =COUNT(R15!$T$56:$T$82)
A20: 46288 | B20: SPDN | C20: SPX | D20: =IFERROR(CORREL(R1!$Y$782:$Y$1171,R1!$Z$782:$Z$1171),"") | E20: =IFERROR(CORREL(R5!$Y$160:$Y$238,R5!$Z$160:$Z$238),"") | F20: =IFERROR(CORREL(R15!$Y$56:$Y$82,R15!$Z$56:$Z$82),"") | G20: =IFERROR(SLOPE(R1!$Y$782:$Y$1171,R1!$Z$782:$Z$1171),"") | H20: =IFERROR(SLOPE(R5!$Y$160:$Y$238,R5!$Z$160:$Z$238),"") | I20: =IFERROR(SLOPE(R15!$Y$56:$Y$82,R15!$Z$56:$Z$82),"") | J20: =COUNT(R1!$Y$782:$Y$1171) | K20: =COUNT(R5!$Y$160:$Y$238) | L20: =COUNT(R15!$Y$56:$Y$82)
A21: 46288 | B21: AMZD | C21: AMZN | D21: =IFERROR(CORREL(R1!$AD$782:$AD$1171,R1!$AE$782:$AE$1171),"") | E21: =IFERROR(CORREL(R5!$AD$160:$AD$238,R5!$AE$160:$AE$238),"") | F21: =IFERROR(CORREL(R15!$AD$56:$AD$82,R15!$AE$56:$AE$82),"") | G21: =IFERROR(SLOPE(R1!$AD$782:$AD$1171,R1!$AE$782:$AE$1171),"") | H21: =IFERROR(SLOPE(R5!$AD$160:$AD$238,R5!$AE$160:$AE$238),"") | I21: =IFERROR(SLOPE(R15!$AD$56:$AD$82,R15!$AE$56:$AE$82),"") | J21: =COUNT(R1!$AD$782:$AD$1171) | K21: =COUNT(R5!$AD$160:$AD$238) | L21: =COUNT(R15!$AD$56:$AD$82)
A22: 46288 | B22: PLTD | C22: PLTR | D22: =IFERROR(CORREL(R1!$AI$782:$AI$1171,R1!$AJ$782:$AJ$1171),"") | E22: =IFERROR(CORREL(R5!$AI$160:$AI$238,R5!$AJ$160:$AJ$238),"") | F22: =IFERROR(CORREL(R15!$AI$56:$AI$82,R15!$AJ$56:$AJ$82),"") | G22: =IFERROR(SLOPE(R1!$AI$782:$AI$1171,R1!$AJ$782:$AJ$1171),"") | H22: =IFERROR(SLOPE(R5!$AI$160:$AI$238,R5!$AJ$160:$AJ$238),"") | I22: =IFERROR(SLOPE(R15!$AI$56:$AI$82,R15!$AJ$56:$AJ$82),"") | J22: =COUNT(R1!$AI$782:$AI$1171) | K22: =COUNT(R5!$AI$160:$AI$238) | L22: =COUNT(R15!$AI$56:$AI$82)
A23: 46289 | B23: AVS | C23: AVGO | D23: =IFERROR(CORREL(R1!$E$1172:$E$1561,R1!$F$1172:$F$1561),"") | E23: =IFERROR(CORREL(R5!$E$239:$E$317,R5!$F$239:$F$317),"") | F23: =IFERROR(CORREL(R15!$E$83:$E$109,R15!$F$83:$F$109),"") | G23: =IFERROR(SLOPE(R1!$E$1172:$E$1561,R1!$F$1172:$F$1561),"") | H23: =IFERROR(SLOPE(R5!$E$239:$E$317,R5!$F$239:$F$317),"") | I23: =IFERROR(SLOPE(R15!$E$83:$E$109,R15!$F$83:$F$109),"") | J23: =COUNT(R1!$E$1172:$E$1561) | K23: =COUNT(R5!$E$239:$E$317) | L23: =COUNT(R15!$E$83:$E$109)
A24: 46289 | B24: AAPD | C24: AAPL | D24: =IFERROR(CORREL(R1!$J$1172:$J$1561,R1!$K$1172:$K$1561),"") | E24: =IFERROR(CORREL(R5!$J$239:$J$317,R5!$K$239:$K$317),"") | F24: =IFERROR(CORREL(R15!$J$83:$J$109,R15!$K$83:$K$109),"") | G24: =IFERROR(SLOPE(R1!$J$1172:$J$1561,R1!$K$1172:$K$1561),"") | H24: =IFERROR(SLOPE(R5!$J$239:$J$317,R5!$K$239:$K$317),"") | I24: =IFERROR(SLOPE(R15!$J$83:$J$109,R15!$K$83:$K$109),"") | J24: =COUNT(R1!$J$1172:$J$1561) | K24: =COUNT(R5!$J$239:$J$317) | L24: =COUNT(R15!$J$83:$J$109)
A25: 46289 | B25: METD | C25: META | D25: =IFERROR(CORREL(R1!$O$1172:$O$1561,R1!$P$1172:$P$1561),"") | E25: =IFERROR(CORREL(R5!$O$239:$O$317,R5!$P$239:$P$317),"") | F25: =IFERROR(CORREL(R15!$O$83:$O$109,R15!$P$83:$P$109),"") | G25: =IFERROR(SLOPE(R1!$O$1172:$O$1561,R1!$P$1172:$P$1561),"") | H25: =IFERROR(SLOPE(R5!$O$239:$O$317,R5!$P$239:$P$317),"") | I25: =IFERROR(SLOPE(R15!$O$83:$O$109,R15!$P$83:$P$109),"") | J25: =COUNT(R1!$O$1172:$O$1561) | K25: =COUNT(R5!$O$239:$O$317) | L25: =COUNT(R15!$O$83:$O$109)
A26: 46289 | B26: MSFD | C26: MSFT | D26: =IFERROR(CORREL(R1!$T$1172:$T$1561,R1!$U$1172:$U$1561),"") | E26: =IFERROR(CORREL(R5!$T$239:$T$317,R5!$U$239:$U$317),"") | F26: =IFERROR(CORREL(R15!$T$83:$T$109,R15!$U$83:$U$109),"") | G26: =IFERROR(SLOPE(R1!$T$1172:$T$1561,R1!$U$1172:$U$1561),"") | H26: =IFERROR(SLOPE(R5!$T$239:$T$317,R5!$U$239:$U$317),"") | I26: =IFERROR(SLOPE(R15!$T$83:$T$109,R15!$U$83:$U$109),"") | J26: =COUNT(R1!$T$1172:$T$1561) | K26: =COUNT(R5!$T$239:$T$317) | L26: =COUNT(R15!$T$83:$T$109)
A27: 46289 | B27: SPDN | C27: SPX | D27: =IFERROR(CORREL(R1!$Y$1172:$Y$1561,R1!$Z$1172:$Z$1561),"") | E27: =IFERROR(CORREL(R5!$Y$239:$Y$317,R5!$Z$239:$Z$317),"") | F27: =IFERROR(CORREL(R15!$Y$83:$Y$109,R15!$Z$83:$Z$109),"") | G27: =IFERROR(SLOPE(R1!$Y$1172:$Y$1561,R1!$Z$1172:$Z$1561),"") | H27: =IFERROR(SLOPE(R5!$Y$239:$Y$317,R5!$Z$239:$Z$317),"") | I27: =IFERROR(SLOPE(R15!$Y$83:$Y$109,R15!$Z$83:$Z$109),"") | J27: =COUNT(R1!$Y$1172:$Y$1561) | K27: =COUNT(R5!$Y$239:$Y$317) | L27: =COUNT(R15!$Y$83:$Y$109)
A28: 46289 | B28: AMZD | C28: AMZN | D28: =IFERROR(CORREL(R1!$AD$1172:$AD$1561,R1!$AE$1172:$AE$1561),"") | E28: =IFERROR(CORREL(R5!$AD$239:$AD$317,R5!$AE$239:$AE$317),"") | F28: =IFERROR(CORREL(R15!$AD$83:$AD$109,R15!$AE$83:$AE$109),"") | G28: =IFERROR(SLOPE(R1!$AD$1172:$AD$1561,R1!$AE$1172:$AE$1561),"") | H28: =IFERROR(SLOPE(R5!$AD$239:$AD$317,R5!$AE$239:$AE$317),"") | I28: =IFERROR(SLOPE(R15!$AD$83:$AD$109,R15!$AE$83:$AE$109),"") | J28: =COUNT(R1!$AD$1172:$AD$1561) | K28: =COUNT(R5!$AD$239:$AD$317) | L28: =COUNT(R15!$AD$83:$AD$109)
A29: 46289 | B29: PLTD | C29: PLTR | D29: =IFERROR(CORREL(R1!$AI$1172:$AI$1561,R1!$AJ$1172:$AJ$1561),"") | E29: =IFERROR(CORREL(R5!$AI$239:$AI$317,R5!$AJ$239:$AJ$317),"") | F29: =IFERROR(CORREL(R15!$AI$83:$AI$109,R15!$AJ$83:$AJ$109),"") | G29: =IFERROR(SLOPE(R1!$AI$1172:$AI$1561,R1!$AJ$1172:$AJ$1561),"") | H29: =IFERROR(SLOPE(R5!$AI$239:$AI$317,R5!$AJ$239:$AJ$317),"") | I29: =IFERROR(SLOPE(R15!$AI$83:$AI$109,R15!$AJ$83:$AJ$109),"") | J29: =COUNT(R1!$AI$1172:$AI$1561) | K29: =COUNT(R5!$AI$239:$AI$317) | L29: =COUNT(R15!$AI$83:$AI$109)
A30: 46290 | B30: AVS | C30: AVGO | D30: =IFERROR(CORREL(R1!$E$1562:$E$1951,R1!$F$1562:$F$1951),"") | E30: =IFERROR(CORREL(R5!$E$318:$E$396,R5!$F$318:$F$396),"") | F30: =IFERROR(CORREL(R15!$E$110:$E$136,R15!$F$110:$F$136),"") | G30: =IFERROR(SLOPE(R1!$E$1562:$E$1951,R1!$F$1562:$F$1951),"") | H30: =IFERROR(SLOPE(R5!$E$318:$E$396,R5!$F$318:$F$396),"") | I30: =IFERROR(SLOPE(R15!$E$110:$E$136,R15!$F$110:$F$136),"") | J30: =COUNT(R1!$E$1562:$E$1951) | K30: =COUNT(R5!$E$318:$E$396) | L30: =COUNT(R15!$E$110:$E$136)
A31: 46290 | B31: AAPD | C31: AAPL | D31: =IFERROR(CORREL(R1!$J$1562:$J$1951,R1!$K$1562:$K$1951),"") | E31: =IFERROR(CORREL(R5!$J$318:$J$396,R5!$K$318:$K$396),"") | F31: =IFERROR(CORREL(R15!$J$110:$J$136,R15!$K$110:$K$136),"") | G31: =IFERROR(SLOPE(R1!$J$1562:$J$1951,R1!$K$1562:$K$1951),"") | H31: =IFERROR(SLOPE(R5!$J$318:$J$396,R5!$K$318:$K$396),"") | I31: =IFERROR(SLOPE(R15!$J$110:$J$136,R15!$K$110:$K$136),"") | J31: =COUNT(R1!$J$1562:$J$1951) | K31: =COUNT(R5!$J$318:$J$396) | L31: =COUNT(R15!$J$110:$J$136)
A32: 46290 | B32: METD | C32: META | D32: =IFERROR(CORREL(R1!$O$1562:$O$1951,R1!$P$1562:$P$1951),"") | E32: =IFERROR(CORREL(R5!$O$318:$O$396,R5!$P$318:$P$396),"") | F32: =IFERROR(CORREL(R15!$O$110:$O$136,R15!$P$110:$P$136),"") | G32: =IFERROR(SLOPE(R1!$O$1562:$O$1951,R1!$P$1562:$P$1951),"") | H32: =IFERROR(SLOPE(R5!$O$318:$O$396,R5!$P$318:$P$396),"") | I32: =IFERROR(SLOPE(R15!$O$110:$O$136,R15!$P$110:$P$136),"") | J32: =COUNT(R1!$O$1562:$O$1951) | K32: =COUNT(R5!$O$318:$O$396) | L32: =COUNT(R15!$O$110:$O$136)
A33: 46290 | B33: MSFD | C33: MSFT | D33: =IFERROR(CORREL(R1!$T$1562:$T$1951,R1!$U$1562:$U$1951),"") | E33: =IFERROR(CORREL(R5!$T$318:$T$396,R5!$U$318:$U$396),"") | F33: =IFERROR(CORREL(R15!$T$110:$T$136,R15!$U$110:$U$136),"") | G33: =IFERROR(SLOPE(R1!$T$1562:$T$1951,R1!$U$1562:$U$1951),"") | H33: =IFERROR(SLOPE(R5!$T$318:$T$396,R5!$U$318:$U$396),"") | I33: =IFERROR(SLOPE(R15!$T$110:$T$136,R15!$U$110:$U$136),"") | J33: =COUNT(R1!$T$1562:$T$1951) | K33: =COUNT(R5!$T$318:$T$396) | L33: =COUNT(R15!$T$110:$T$136)
A34: 46290 | B34: SPDN | C34: SPX | D34: =IFERROR(CORREL(R1!$Y$1562:$Y$1951,R1!$Z$1562:$Z$1951),"") | E34: =IFERROR(CORREL(R5!$Y$318:$Y$396,R5!$Z$318:$Z$396),"") | F34: =IFERROR(CORREL(R15!$Y$110:$Y$136,R15!$Z$110:$Z$136),"") | G34: =IFERROR(SLOPE(R1!$Y$1562:$Y$1951,R1!$Z$1562:$Z$1951),"") | H34: =IFERROR(SLOPE(R5!$Y$318:$Y$396,R5!$Z$318:$Z$396),"") | I34: =IFERROR(SLOPE(R15!$Y$110:$Y$136,R15!$Z$110:$Z$136),"") | J34: =COUNT(R1!$Y$1562:$Y$1951) | K34: =COUNT(R5!$Y$318:$Y$396) | L34: =COUNT(R15!$Y$110:$Y$136)
A35: 46290 | B35: AMZD | C35: AMZN | D35: =IFERROR(CORREL(R1!$AD$1562:$AD$1951,R1!$AE$1562:$AE$1951),"") | E35: =IFERROR(CORREL(R5!$AD$318:$AD$396,R5!$AE$318:$AE$396),"") | F35: =IFERROR(CORREL(R15!$AD$110:$AD$136,R15!$AE$110:$AE$136),"") | G35: =IFERROR(SLOPE(R1!$AD$1562:$AD$1951,R1!$AE$1562:$AE$1951),"") | H35: =IFERROR(SLOPE(R5!$AD$318:$AD$396,R5!$AE$318:$AE$396),"") | I35: =IFERROR(SLOPE(R15!$AD$110:$AD$136,R15!$AE$110:$AE$136),"") | J35: =COUNT(R1!$AD$1562:$AD$1951) | K35: =COUNT(R5!$AD$318:$AD$396) | L35: =COUNT(R15!$AD$110:$AD$136)
A36: 46290 | B36: PLTD | C36: PLTR | D36: =IFERROR(CORREL(R1!$AI$1562:$AI$1951,R1!$AJ$1562:$AJ$1951),"") | E36: =IFERROR(CORREL(R5!$AI$318:$AI$396,R5!$AJ$318:$AJ$396),"") | F36: =IFERROR(CORREL(R15!$AI$110:$AI$136,R15!$AJ$110:$AJ$136),"") | G36: =IFERROR(SLOPE(R1!$AI$1562:$AI$1951,R1!$AJ$1562:$AJ$1951),"") | H36: =IFERROR(SLOPE(R5!$AI$318:$AI$396,R5!$AJ$318:$AJ$396),"") | I36: =IFERROR(SLOPE(R15!$AI$110:$AI$136,R15!$AJ$110:$AJ$136),"") | J36: =COUNT(R1!$AI$1562:$AI$1951) | K36: =COUNT(R5!$AI$318:$AI$396) | L36: =COUNT(R15!$AI$110:$AI$136)
A37: 46293 | B37: AVS | C37: AVGO | D37: =IFERROR(CORREL(R1!$E$1952:$E$2341,R1!$F$1952:$F$2341),"") | E37: =IFERROR(CORREL(R5!$E$397:$E$475,R5!$F$397:$F$475),"") | F37: =IFERROR(CORREL(R15!$E$137:$E$163,R15!$F$137:$F$163),"") | G37: =IFERROR(SLOPE(R1!$E$1952:$E$2341,R1!$F$1952:$F$2341),"") | H37: =IFERROR(SLOPE(R5!$E$397:$E$475,R5!$F$397:$F$475),"") | I37: =IFERROR(SLOPE(R15!$E$137:$E$163,R15!$F$137:$F$163),"") | J37: =COUNT(R1!$E$1952:$E$2341) | K37: =COUNT(R5!$E$397:$E$475) | L37: =COUNT(R15!$E$137:$E$163)
A38: 46293 | B38: AAPD | C38: AAPL | D38: =IFERROR(CORREL(R1!$J$1952:$J$2341,R1!$K$1952:$K$2341),"") | E38: =IFERROR(CORREL(R5!$J$397:$J$475,R5!$K$397:$K$475),"") | F38: =IFERROR(CORREL(R15!$J$137:$J$163,R15!$K$137:$K$163),"") | G38: =IFERROR(SLOPE(R1!$J$1952:$J$2341,R1!$K$1952:$K$2341),"") | H38: =IFERROR(SLOPE(R5!$J$397:$J$475,R5!$K$397:$K$475),"") | I38: =IFERROR(SLOPE(R15!$J$137:$J$163,R15!$K$137:$K$163),"") | J38: =COUNT(R1!$J$1952:$J$2341) | K38: =COUNT(R5!$J$397:$J$475) | L38: =COUNT(R15!$J$137:$J$163)
A39: 46293 | B39: METD | C39: META | D39: =IFERROR(CORREL(R1!$O$1952:$O$2341,R1!$P$1952:$P$2341),"") | E39: =IFERROR(CORREL(R5!$O$397:$O$475,R5!$P$397:$P$475),"") | F39: =IFERROR(CORREL(R15!$O$137:$O$163,R15!$P$137:$P$163),"") | G39: =IFERROR(SLOPE(R1!$O$1952:$O$2341,R1!$P$1952:$P$2341),"") | H39: =IFERROR(SLOPE(R5!$O$397:$O$475,R5!$P$397:$P$475),"") | I39: =IFERROR(SLOPE(R15!$O$137:$O$163,R15!$P$137:$P$163),"") | J39: =COUNT(R1!$O$1952:$O$2341) | K39: =COUNT(R5!$O$397:$O$475) | L39: =COUNT(R15!$O$137:$O$163)
A40: 46293 | B40: MSFD | C40: MSFT | D40: =IFERROR(CORREL(R1!$T$1952:$T$2341,R1!$U$1952:$U$2341),"") | E40: =IFERROR(CORREL(R5!$T$397:$T$475,R5!$U$397:$U$475),"") | F40: =IFERROR(CORREL(R15!$T$137:$T$163,R15!$U$137:$U$163),"") | G40: =IFERROR(SLOPE(R1!$T$1952:$T$2341,R1!$U$1952:$U$2341),"") | H40: =IFERROR(SLOPE(R5!$T$397:$T$475,R5!$U$397:$U$475),"") | I40: =IFERROR(SLOPE(R15!$T$137:$T$163,R15!$U$137:$U$163),"") | J40: =COUNT(R1!$T$1952:$T$2341) | K40: =COUNT(R5!$T$397:$T$475) | L40: =COUNT(R15!$T$137:$T$163)
A41: 46293 | B41: SPDN | C41: SPX | D41: =IFERROR(CORREL(R1!$Y$1952:$Y$2341,R1!$Z$1952:$Z$2341),"") | E41: =IFERROR(CORREL(R5!$Y$397:$Y$475,R5!$Z$397:$Z$475),"") | F41: =IFERROR(CORREL(R15!$Y$137:$Y$163,R15!$Z$137:$Z$163),"") | G41: =IFERROR(SLOPE(R1!$Y$1952:$Y$2341,R1!$Z$1952:$Z$2341),"") | H41: =IFERROR(SLOPE(R5!$Y$397:$Y$475,R5!$Z$397:$Z$475),"") | I41: =IFERROR(SLOPE(R15!$Y$137:$Y$163,R15!$Z$137:$Z$163),"") | J41: =COUNT(R1!$Y$1952:$Y$2341) | K41: =COUNT(R5!$Y$397:$Y$475) | L41: =COUNT(R15!$Y$137:$Y$163)
A42: 46293 | B42: AMZD | C42: AMZN | D42: =IFERROR(CORREL(R1!$AD$1952:$AD$2341,R1!$AE$1952:$AE$2341),"") | E42: =IFERROR(CORREL(R5!$AD$397:$AD$475,R5!$AE$397:$AE$475),"") | F42: =IFERROR(CORREL(R15!$AD$137:$AD$163,R15!$AE$137:$AE$163),"") | G42: =IFERROR(SLOPE(R1!$AD$1952:$AD$2341,R1!$AE$1952:$AE$2341),"") | H42: =IFERROR(SLOPE(R5!$AD$397:$AD$475,R5!$AE$397:$AE$475),"") | I42: =IFERROR(SLOPE(R15!$AD$137:$AD$163,R15!$AE$137:$AE$163),"") | J42: =COUNT(R1!$AD$1952:$AD$2341) | K42: =COUNT(R5!$AD$397:$AD$475) | L42: =COUNT(R15!$AD$137:$AD$163)
A43: 46293 | B43: PLTD | C43: PLTR | D43: =IFERROR(CORREL(R1!$AI$1952:$AI$2341,R1!$AJ$1952:$AJ$2341),"") | E43: =IFERROR(CORREL(R5!$AI$397:$AI$475,R5!$AJ$397:$AJ$475),"") | F43: =IFERROR(CORREL(R15!$AI$137:$AI$163,R15!$AJ$137:$AJ$163),"") | G43: =IFERROR(SLOPE(R1!$AI$1952:$AI$2341,R1!$AJ$1952:$AJ$2341),"") | H43: =IFERROR(SLOPE(R5!$AI$397:$AI$475,R5!$AJ$397:$AJ$475),"") | I43: =IFERROR(SLOPE(R15!$AI$137:$AI$163,R15!$AJ$137:$AJ$163),"") | J43: =COUNT(R1!$AI$1952:$AI$2341) | K43: =COUNT(R5!$AI$397:$AI$475) | L43: =COUNT(R15!$AI$137:$AI$163)
A44: 46294 | B44: AVS | C44: AVGO | D44: =IFERROR(CORREL(R1!$E$2342:$E$2731,R1!$F$2342:$F$2731),"") | E44: =IFERROR(CORREL(R5!$E$476:$E$554,R5!$F$476:$F$554),"") | F44: =IFERROR(CORREL(R15!$E$164:$E$190,R15!$F$164:$F$190),"") | G44: =IFERROR(SLOPE(R1!$E$2342:$E$2731,R1!$F$2342:$F$2731),"") | H44: =IFERROR(SLOPE(R5!$E$476:$E$554,R5!$F$476:$F$554),"") | I44: =IFERROR(SLOPE(R15!$E$164:$E$190,R15!$F$164:$F$190),"") | J44: =COUNT(R1!$E$2342:$E$2731) | K44: =COUNT(R5!$E$476:$E$554) | L44: =COUNT(R15!$E$164:$E$190)
A45: 46294 | B45: AAPD | C45: AAPL | D45: =IFERROR(CORREL(R1!$J$2342:$J$2731,R1!$K$2342:$K$2731),"") | E45: =IFERROR(CORREL(R5!$J$476:$J$554,R5!$K$476:$K$554),"") | F45: =IFERROR(CORREL(R15!$J$164:$J$190,R15!$K$164:$K$190),"") | G45: =IFERROR(SLOPE(R1!$J$2342:$J$2731,R1!$K$2342:$K$2731),"") | H45: =IFERROR(SLOPE(R5!$J$476:$J$554,R5!$K$476:$K$554),"") | I45: =IFERROR(SLOPE(R15!$J$164:$J$190,R15!$K$164:$K$190),"") | J45: =COUNT(R1!$J$2342:$J$2731) | K45: =COUNT(R5!$J$476:$J$554) | L45: =COUNT(R15!$J$164:$J$190)
A46: 46294 | B46: METD | C46: META | D46: =IFERROR(CORREL(R1!$O$2342:$O$2731,R1!$P$2342:$P$2731),"") | E46: =IFERROR(CORREL(R5!$O$476:$O$554,R5!$P$476:$P$554),"") | F46: =IFERROR(CORREL(R15!$O$164:$O$190,R15!$P$164:$P$190),"") | G46: =IFERROR(SLOPE(R1!$O$2342:$O$2731,R1!$P$2342:$P$2731),"") | H46: =IFERROR(SLOPE(R5!$O$476:$O$554,R5!$P$476:$P$554),"") | I46: =IFERROR(SLOPE(R15!$O$164:$O$190,R15!$P$164:$P$190),"") | J46: =COUNT(R1!$O$2342:$O$2731) | K46: =COUNT(R5!$O$476:$O$554) | L46: =COUNT(R15!$O$164:$O$190)
A47: 46294 | B47: MSFD | C47: MSFT | D47: =IFERROR(CORREL(R1!$T$2342:$T$2731,R1!$U$2342:$U$2731),"") | E47: =IFERROR(CORREL(R5!$T$476:$T$554,R5!$U$476:$U$554),"") | F47: =IFERROR(CORREL(R15!$T$164:$T$190,R15!$U$164:$U$190),"") | G47: =IFERROR(SLOPE(R1!$T$2342:$T$2731,R1!$U$2342:$U$2731),"") | H47: =IFERROR(SLOPE(R5!$T$476:$T$554,R5!$U$476:$U$554),"") | I47: =IFERROR(SLOPE(R15!$T$164:$T$190,R15!$U$164:$U$190),"") | J47: =COUNT(R1!$T$2342:$T$2731) | K47: =COUNT(R5!$T$476:$T$554) | L47: =COUNT(R15!$T$164:$T$190)
A48: 46294 | B48: SPDN | C48: SPX | D48: =IFERROR(CORREL(R1!$Y$2342:$Y$2731,R1!$Z$2342:$Z$2731),"") | E48: =IFERROR(CORREL(R5!$Y$476:$Y$554,R5!$Z$476:$Z$554),"") | F48: =IFERROR(CORREL(R15!$Y$164:$Y$190,R15!$Z$164:$Z$190),"") | G48: =IFERROR(SLOPE(R1!$Y$2342:$Y$2731,R1!$Z$2342:$Z$2731),"") | H48: =IFERROR(SLOPE(R5!$Y$476:$Y$554,R5!$Z$476:$Z$554),"") | I48: =IFERROR(SLOPE(R15!$Y$164:$Y$190,R15!$Z$164:$Z$190),"") | J48: =COUNT(R1!$Y$2342:$Y$2731) | K48: =COUNT(R5!$Y$476:$Y$554) | L48: =COUNT(R15!$Y$164:$Y$190)
A49: 46294 | B49: AMZD | C49: AMZN | D49: =IFERROR(CORREL(R1!$AD$2342:$AD$2731,R1!$AE$2342:$AE$2731),"") | E49: =IFERROR(CORREL(R5!$AD$476:$AD$554,R5!$AE$476:$AE$554),"") | F49: =IFERROR(CORREL(R15!$AD$164:$AD$190,R15!$AE$164:$AE$190),"") | G49: =IFERROR(SLOPE(R1!$AD$2342:$AD$2731,R1!$AE$2342:$AE$2731),"") | H49: =IFERROR(SLOPE(R5!$AD$476:$AD$554,R5!$AE$476:$AE$554),"") | I49: =IFERROR(SLOPE(R15!$AD$164:$AD$190,R15!$AE$164:$AE$190),"") | J49: =COUNT(R1!$AD$2342:$AD$2731) | K49: =COUNT(R5!$AD$476:$AD$554) | L49: =COUNT(R15!$AD$164:$AD$190)
A50: 46294 | B50: PLTD | C50: PLTR | D50: =IFERROR(CORREL(R1!$AI$2342:$AI$2731,R1!$AJ$2342:$AJ$2731),"") | E50: =IFERROR(CORREL(R5!$AI$476:$AI$554,R5!$AJ$476:$AJ$554),"") | F50: =IFERROR(CORREL(R15!$AI$164:$AI$190,R15!$AJ$164:$AJ$190),"") | G50: =IFERROR(SLOPE(R1!$AI$2342:$AI$2731,R1!$AJ$2342:$AJ$2731),"") | H50: =IFERROR(SLOPE(R5!$AI$476:$AI$554,R5!$AJ$476:$AJ$554),"") | I50: =IFERROR(SLOPE(R15!$AI$164:$AI$190,R15!$AJ$164:$AJ$190),"") | J50: =COUNT(R1!$AI$2342:$AI$2731) | K50: =COUNT(R5!$AI$476:$AI$554) | L50: =COUNT(R15!$AI$164:$AI$190)

Sheet 1m Matrix
A1: ETF | B1: Underlying | C1: 46286 | D1: 46287 | E1: 46288 | F1: 46289 | G1: 46290 | H1: 46293 | I1: 46294
A2: AVS | B2: AVGO | C2: ='By Day'!D2 | D2: ='By Day'!D9 | E2: ='By Day'!D16 | F2: ='By Day'!D23 | G2: ='By Day'!D30 | H2: ='By Day'!D37 | I2: ='By Day'!D44
A3: AAPD | B3: AAPL | C3: ='By Day'!D3 | D3: ='By Day'!D10 | E3: ='By Day'!D17 | F3: ='By Day'!D24 | G3: ='By Day'!D31 | H3: ='By Day'!D38 | I3: ='By Day'!D45
A4: METD | B4: META | C4: ='By Day'!D4 | D4: ='By Day'!D11 | E4: ='By Day'!D18 | F4: ='By Day'!D25 | G4: ='By Day'!D32 | H4: ='By Day'!D39 | I4: ='By Day'!D46
A5: MSFD | B5: MSFT | C5: ='By Day'!D5 | D5: ='By Day'!D12 | E5: ='By Day'!D19 | F5: ='By Day'!D26 | G5: ='By Day'!D33 | H5: ='By Day'!D40 | I5: ='By Day'!D47
A6: SPDN | B6: SPX | C6: ='By Day'!D6 | D6: ='By Day'!D13 | E6: ='By Day'!D20 | F6: ='By Day'!D27 | G6: ='By Day'!D34 | H6: ='By Day'!D41 | I6: ='By Day'!D48
A7: AMZD | B7: AMZN | C7: ='By Day'!D7 | D7: ='By Day'!D14 | E7: ='By Day'!D21 | F7: ='By Day'!D28 | G7: ='By Day'!D35 | H7: ='By Day'!D42 | I7: ='By Day'!D49
A8: PLTD | B8: PLTR | C8: ='By Day'!D8 | D8: ='By Day'!D15 | E8: ='By Day'!D22 | F8: ='By Day'!D29 | G8: ='By Day'!D36 | H8: ='By Day'!D43 | I8: ='By Day'!D50

Sheet 5m Matrix
A1: ETF | B1: Underlying | C1: 46286 | D1: 46287 | E1: 46288 | F1: 46289 | G1: 46290 | H1: 46293 | I1: 46294
A2: AVS | B2: AVGO | C2: ='By Day'!E2 | D2: ='By Day'!E9 | E2: ='By Day'!E16 | F2: ='By Day'!E23 | G2: ='By Day'!E30 | H2: ='By Day'!E37 | I2: ='By Day'!E44
A3: AAPD | B3: AAPL | C3: ='By Day'!E3 | D3: ='By Day'!E10 | E3: ='By Day'!E17 | F3: ='By Day'!E24 | G3: ='By Day'!E31 | H3: ='By Day'!E38 | I3: ='By Day'!E45
A4: METD | B4: META | C4: ='By Day'!E4 | D4: ='By Day'!E11 | E4: ='By Day'!E18 | F4: ='By Day'!E25 | G4: ='By Day'!E32 | H4: ='By Day'!E39 | I4: ='By Day'!E46
A5: MSFD | B5: MSFT | C5: ='By Day'!E5 | D5: ='By Day'!E12 | E5: ='By Day'!E19 | F5: ='By Day'!E26 | G5: ='By Day'!E33 | H5: ='By Day'!E40 | I5: ='By Day'!E47
A6: SPDN | B6: SPX | C6: ='By Day'!E6 | D6: ='By Day'!E13 | E6: ='By Day'!E20 | F6: ='By Day'!E27 | G6: ='By Day'!E34 | H6: ='By Day'!E41 | I6: ='By Day'!E48
A7: AMZD | B7: AMZN | C7: ='By Day'!E7 | D7: ='By Day'!E14 | E7: ='By Day'!E21 | F7: ='By Day'!E28 | G7: ='By Day'!E35 | H7: ='By Day'!E42 | I7: ='By Day'!E49
A8: PLTD | B8: PLTR | C8: ='By Day'!E8 | D8: ='By Day'!E15 | E8: ='By Day'!E22 | F8: ='By Day'!E29 | G8: ='By Day'!E36 | H8: ='By Day'!E43 | I8: ='By Day'!E50

Sheet 15m Matrix
A1: ETF | B1: Underlying | C1: 46286 | D1: 46287 | E1: 46288 | F1: 46289 | G1: 46290 | H1: 46293 | I1: 46294
A2: AVS | B2: AVGO | C2: ='By Day'!F2 | D2: ='By Day'!F9 | E2: ='By Day'!F16 | F2: ='By Day'!F23 | G2: ='By Day'!F30 | H2: ='By Day'!F37 | I2: ='By Day'!F44
A3: AAPD | B3: AAPL | C3: ='By Day'!F3 | D3: ='By Day'!F10 | E3: ='By Day'!F17 | F3: ='By Day'!F24 | G3: ='By Day'!F31 | H3: ='By Day'!F38 | I3: ='By Day'!F45
A4: METD | B4: META | C4: ='By Day'!F4 | D4: ='By Day'!F11 | E4: ='By Day'!F18 | F4: ='By Day'!F25 | G4: ='By Day'!F32 | H4: ='By Day'!F39 | I4: ='By Day'!F46
A5: MSFD | B5: MSFT | C5: ='By Day'!F5 | D5: ='By Day'!F12 | E5: ='By Day'!F19 | F5: ='By Day'!F26 | G5: ='By Day'!F33 | H5: ='By Day'!F40 | I5: ='By Day'!F47
A6: SPDN | B6: SPX | C6: ='By Day'!F6 | D6: ='By Day'!F13 | E6: ='By Day'!F20 | F6: ='By Day'!F27 | G6: ='By Day'!F34 | H6: ='By Day'!F41 | I6: ='By Day'!F48
A7: AMZD | B7: AMZN | C7: ='By Day'!F7 | D7: ='By Day'!F14 | E7: ='By Day'!F21 | F7: ='By Day'!F28 | G7: ='By Day'!F35 | H7: ='By Day'!F42 | I7: ='By Day'!F49
A8: PLTD | B8: PLTR | C8: ='By Day'!F8 | D8: ='By Day'!F15 | E8: ='By Day'!F22 | F8: ='By Day'!F29 | G8: ='By Day'!F36 | H8: ='By Day'!F43 | I8: ='By Day'!F50

Sheet Epps
A1: ρ | B1: 1 | C1: 2 | D1: 3 | E1: 5 | F1: 10 | G1: 15 | H1: 30 | I1: 60
A2: AVS/AVGO | B2: =CORREL(R1!$E$2:$E$2731,R1!$F$2:$F$2731) | C2: =CORREL(R2!$E$2:$E$1373,R2!$F$2:$F$1373) | D2: =CORREL(R3!$E$2:$E$918,R3!$F$2:$F$918) | E2: =CORREL(R5!$E$2:$E$554,R5!$F$2:$F$554) | F2: =CORREL(R10!$E$2:$E$281,R10!$F$2:$F$281) | G2: =CORREL(R15!$E$2:$E$190,R15!$F$2:$F$190) | H2: =CORREL(R30!$E$2:$E$99,R30!$F$2:$F$99) | I2: =CORREL(R60!$E$2:$E$57,R60!$F$2:$F$57)
A3: AAPD/AAPL | B3: =CORREL(R1!$J$2:$J$2731,R1!$K$2:$K$2731) | C3: =CORREL(R2!$J$2:$J$1373,R2!$K$2:$K$1373) | D3: =CORREL(R3!$J$2:$J$918,R3!$K$2:$K$918) | E3: =CORREL(R5!$J$2:$J$554,R5!$K$2:$K$554) | F3: =CORREL(R10!$J$2:$J$281,R10!$K$2:$K$281) | G3: =CORREL(R15!$J$2:$J$190,R15!$K$2:$K$190) | H3: =CORREL(R30!$J$2:$J$99,R30!$K$2:$K$99) | I3: =CORREL(R60!$J$2:$J$57,R60!$K$2:$K$57)
A4: METD/META | B4: =CORREL(R1!$O$2:$O$2731,R1!$P$2:$P$2731) | C4: =CORREL(R2!$O$2:$O$1373,R2!$P$2:$P$1373) | D4: =CORREL(R3!$O$2:$O$918,R3!$P$2:$P$918) | E4: =CORREL(R5!$O$2:$O$554,R5!$P$2:$P$554) | F4: =CORREL(R10!$O$2:$O$281,R10!$P$2:$P$281) | G4: =CORREL(R15!$O$2:$O$190,R15!$P$2:$P$190) | H4: =CORREL(R30!$O$2:$O$99,R30!$P$2:$P$99) | I4: =CORREL(R60!$O$2:$O$57,R60!$P$2:$P$57)
A5: MSFD/MSFT | B5: =CORREL(R1!$T$2:$T$2731,R1!$U$2:$U$2731) | C5: =CORREL(R2!$T$2:$T$1373,R2!$U$2:$U$1373) | D5: =CORREL(R3!$T$2:$T$918,R3!$U$2:$U$918) | E5: =CORREL(R5!$T$2:$T$554,R5!$U$2:$U$554) | F5: =CORREL(R10!$T$2:$T$281,R10!$U$2:$U$281) | G5: =CORREL(R15!$T$2:$T$190,R15!$U$2:$U$190) | H5: =CORREL(R30!$T$2:$T$99,R30!$U$2:$U$99) | I5: =CORREL(R60!$T$2:$T$57,R60!$U$2:$U$57)
A6: SPDN/SPX | B6: =CORREL(R1!$Y$2:$Y$2731,R1!$Z$2:$Z$2731) | C6: =CORREL(R2!$Y$2:$Y$1373,R2!$Z$2:$Z$1373) | D6: =CORREL(R3!$Y$2:$Y$918,R3!$Z$2:$Z$918) | E6: =CORREL(R5!$Y$2:$Y$554,R5!$Z$2:$Z$554) | F6: =CORREL(R10!$Y$2:$Y$281,R10!$Z$2:$Z$281) | G6: =CORREL(R15!$Y$2:$Y$190,R15!$Z$2:$Z$190) | H6: =CORREL(R30!$Y$2:$Y$99,R30!$Z$2:$Z$99) | I6: =CORREL(R60!$Y$2:$Y$57,R60!$Z$2:$Z$57)
A7: AMZD/AMZN | B7: =CORREL(R1!$AD$2:$AD$2731,R1!$AE$2:$AE$2731) | C7: =CORREL(R2!$AD$2:$AD$1373,R2!$AE$2:$AE$1373) | D7: =CORREL(R3!$AD$2:$AD$918,R3!$AE$2:$AE$918) | E7: =CORREL(R5!$AD$2:$AD$554,R5!$AE$2:$AE$554) | F7: =CORREL(R10!$AD$2:$AD$281,R10!$AE$2:$AE$281) | G7: =CORREL(R15!$AD$2:$AD$190,R15!$AE$2:$AE$190) | H7: =CORREL(R30!$AD$2:$AD$99,R30!$AE$2:$AE$99) | I7: =CORREL(R60!$AD$2:$AD$57,R60!$AE$2:$AE$57)
A8: PLTD/PLTR | B8: =CORREL(R1!$AI$2:$AI$2731,R1!$AJ$2:$AJ$2731) | C8: =CORREL(R2!$AI$2:$AI$1373,R2!$AJ$2:$AJ$1373) | D8: =CORREL(R3!$AI$2:$AI$918,R3!$AJ$2:$AJ$918) | E8: =CORREL(R5!$AI$2:$AI$554,R5!$AJ$2:$AJ$554) | F8: =CORREL(R10!$AI$2:$AI$281,R10!$AJ$2:$AJ$281) | G8: =CORREL(R15!$AI$2:$AI$190,R15!$AJ$2:$AJ$190) | H8: =CORREL(R30!$AI$2:$AI$99,R30!$AJ$2:$AJ$99) | I8: =CORREL(R60!$AI$2:$AI$57,R60!$AJ$2:$AJ$57)
A10: β | B10: 1 | C10: 2 | D10: 3 | E10: 5 | F10: 10 | G10: 15 | H10: 30 | I10: 60
A11: AVS/AVGO | B11: =SLOPE(R1!$E$2:$E$2731,R1!$F$2:$F$2731) | C11: =SLOPE(R2!$E$2:$E$1373,R2!$F$2:$F$1373) | D11: =SLOPE(R3!$E$2:$E$918,R3!$F$2:$F$918) | E11: =SLOPE(R5!$E$2:$E$554,R5!$F$2:$F$554) | F11: =SLOPE(R10!$E$2:$E$281,R10!$F$2:$F$281) | G11: =SLOPE(R15!$E$2:$E$190,R15!$F$2:$F$190) | H11: =SLOPE(R30!$E$2:$E$99,R30!$F$2:$F$99) | I11: =SLOPE(R60!$E$2:$E$57,R60!$F$2:$F$57)
A12: AAPD/AAPL | B12: =SLOPE(R1!$J$2:$J$2731,R1!$K$2:$K$2731) | C12: =SLOPE(R2!$J$2:$J$1373,R2!$K$2:$K$1373) | D12: =SLOPE(R3!$J$2:$J$918,R3!$K$2:$K$918) | E12: =SLOPE(R5!$J$2:$J$554,R5!$K$2:$K$554) | F12: =SLOPE(R10!$J$2:$J$281,R10!$K$2:$K$281) | G12: =SLOPE(R15!$J$2:$J$190,R15!$K$2:$K$190) | H12: =SLOPE(R30!$J$2:$J$99,R30!$K$2:$K$99) | I12: =SLOPE(R60!$J$2:$J$57,R60!$K$2:$K$57)
A13: METD/META | B13: =SLOPE(R1!$O$2:$O$2731,R1!$P$2:$P$2731) | C13: =SLOPE(R2!$O$2:$O$1373,R2!$P$2:$P$1373) | D13: =SLOPE(R3!$O$2:$O$918,R3!$P$2:$P$918) | E13: =SLOPE(R5!$O$2:$O$554,R5!$P$2:$P$554) | F13: =SLOPE(R10!$O$2:$O$281,R10!$P$2:$P$281) | G13: =SLOPE(R15!$O$2:$O$190,R15!$P$2:$P$190) | H13: =SLOPE(R30!$O$2:$O$99,R30!$P$2:$P$99) | I13: =SLOPE(R60!$O$2:$O$57,R60!$P$2:$P$57)
A14: MSFD/MSFT | B14: =SLOPE(R1!$T$2:$T$2731,R1!$U$2:$U$2731) | C14: =SLOPE(R2!$T$2:$T$1373,R2!$U$2:$U$1373) | D14: =SLOPE(R3!$T$2:$T$918,R3!$U$2:$U$918) | E14: =SLOPE(R5!$T$2:$T$554,R5!$U$2:$U$554) | F14: =SLOPE(R10!$T$2:$T$281,R10!$U$2:$U$281) | G14: =SLOPE(R15!$T$2:$T$190,R15!$U$2:$U$190) | H14: =SLOPE(R30!$T$2:$T$99,R30!$U$2:$U$99) | I14: =SLOPE(R60!$T$2:$T$57,R60!$U$2:$U$57)
A15: SPDN/SPX | B15: =SLOPE(R1!$Y$2:$Y$2731,R1!$Z$2:$Z$2731) | C15: =SLOPE(R2!$Y$2:$Y$1373,R2!$Z$2:$Z$1373) | D15: =SLOPE(R3!$Y$2:$Y$918,R3!$Z$2:$Z$918) | E15: =SLOPE(R5!$Y$2:$Y$554,R5!$Z$2:$Z$554) | F15: =SLOPE(R10!$Y$2:$Y$281,R10!$Z$2:$Z$281) | G15: =SLOPE(R15!$Y$2:$Y$190,R15!$Z$2:$Z$190) | H15: =SLOPE(R30!$Y$2:$Y$99,R30!$Z$2:$Z$99) | I15: =SLOPE(R60!$Y$2:$Y$57,R60!$Z$2:$Z$57)
A16: AMZD/AMZN | B16: =SLOPE(R1!$AD$2:$AD$2731,R1!$AE$2:$AE$2731) | C16: =SLOPE(R2!$AD$2:$AD$1373,R2!$AE$2:$AE$1373) | D16: =SLOPE(R3!$AD$2:$AD$918,R3!$AE$2:$AE$918) | E16: =SLOPE(R5!$AD$2:$AD$554,R5!$AE$2:$AE$554) | F16: =SLOPE(R10!$AD$2:$AD$281,R10!$AE$2:$AE$281) | G16: =SLOPE(R15!$AD$2:$AD$190,R15!$AE$2:$AE$190) | H16: =SLOPE(R30!$AD$2:$AD$99,R30!$AE$2:$AE$99) | I16: =SLOPE(R60!$AD$2:$AD$57,R60!$AE$2:$AE$57)
A17: PLTD/PLTR | B17: =SLOPE(R1!$AI$2:$AI$2731,R1!$AJ$2:$AJ$2731) | C17: =SLOPE(R2!$AI$2:$AI$1373,R2!$AJ$2:$AJ$1373) | D17: =SLOPE(R3!$AI$2:$AI$918,R3!$AJ$2:$AJ$918) | E17: =SLOPE(R5!$AI$2:$AI$554,R5!$AJ$2:$AJ$554) | F17: =SLOPE(R10!$AI$2:$AI$281,R10!$AJ$2:$AJ$281) | G17: =SLOPE(R15!$AI$2:$AI$190,R15!$AJ$2:$AJ$190) | H17: =SLOPE(R30!$AI$2:$AI$99,R30!$AJ$2:$AJ$99) | I17: =SLOPE(R60!$AI$2:$AI$57,R60!$AJ$2:$AJ$57)

Sheet Data Quality
A1: Symbol | B1: 1m bars traded | C1: of possible | D1: % of minutes traded | E1: median volume / traded min | F1: last price | G1: tick (bps) | H1: σ per minute (bps) | I1: tick / σ | J1: zero returns
A2: AVS | B2: 1687 | C2: 2730 | D2: =B2/C2 | E2: 22180 | F2: 8.1549997 | G2: =0.01/F2*10000 | H2: =SQRT(SUMSQ(R1!$E$2:$E$2731)/2723)*10000 | I2: =G2/H2 | J2: =COUNTIF(R1!$E$2:$E$2731,0)/COUNT(R1!$E$2:$E$2731)
A3: AVGO | B3: 2730 | C3: 2730 | D3: =B3/C3 | E3: 26031 | F3: 355.17999 | H3: =SQRT(SUMSQ(R1!$F$2:$F$2731)/2723)*10000 | J3: =COUNTIF(R1!$F$2:$F$2731,0)/COUNT(R1!$F$2:$F$2731)
A4: AAPD | B4: 1636 | C4: 2730 | D4: =B4/C4 | E4: 14934 | F4: 10.405 | G4: =0.01/F4*10000 | H4: =SQRT(SUMSQ(R1!$J$2:$J$2731)/2723)*10000 | I4: =G4/H4 | J4: =COUNTIF(R1!$J$2:$J$2731,0)/COUNT(R1!$J$2:$J$2731)
A5: AAPL | B5: 2730 | C5: 2730 | D5: =B5/C5 | E5: 42881 | F5: 329.59 | H5: =SQRT(SUMSQ(R1!$K$2:$K$2731)/2723)*10000 | J5: =COUNTIF(R1!$K$2:$K$2731,0)/COUNT(R1!$K$2:$K$2731)
A6: METD | B6: 1914 | C6: 2730 | D6: =B6/C6 | E6: 2917.5 | F6: 12.585 | G6: =0.01/F6*10000 | H6: =SQRT(SUMSQ(R1!$O$2:$O$2731)/2723)*10000 | I6: =G6/H6 | J6: =COUNTIF(R1!$O$2:$O$2731,0)/COUNT(R1!$O$2:$O$2731)
A7: META | B7: 2730 | C7: 2730 | D7: =B7/C7 | E7: 46985 | F7: 739.02002 | H7: =SQRT(SUMSQ(R1!$P$2:$P$2731)/2723)*10000 | J7: =COUNTIF(R1!$P$2:$P$2731,0)/COUNT(R1!$P$2:$P$2731)
A8: MSFD | B8: 967 | C8: 2730 | D8: =B8/C8 | E8: 6984 | F8: 10.05 | G8: =0.01/F8*10000 | H8: =SQRT(SUMSQ(R1!$T$2:$T$2731)/2723)*10000 | I8: =G8/H8 | J8: =COUNTIF(R1!$T$2:$T$2731,0)/COUNT(R1!$T$2:$T$2731)
A9: MSFT | B9: 2730 | C9: 2730 | D9: =B9/C9 | E9: 28650.5 | F9: 509.04001 | H9: =SQRT(SUMSQ(R1!$U$2:$U$2731)/2723)*10000 | J9: =COUNTIF(R1!$U$2:$U$2731,0)/COUNT(R1!$U$2:$U$2731)
A10: SPDN | B10: 1959 | C10: 2730 | D10: =B10/C10 | E10: 12000 | F10: 8.4700003 | G10: =0.01/F10*10000 | H10: =SQRT(SUMSQ(R1!$Y$2:$Y$2731)/2723)*10000 | I10: =G10/H10 | J10: =COUNTIF(R1!$Y$2:$Y$2731,0)/COUNT(R1!$Y$2:$Y$2731)
A11: SPX | B11: 2730 | C11: 2730 | D11: =B11/C11 | E11: 4831006.5 | F11: 7671.8501 | H11: =SQRT(SUMSQ(R1!$Z$2:$Z$2731)/2723)*10000 | J11: =COUNTIF(R1!$Z$2:$Z$2731,0)/COUNT(R1!$Z$2:$Z$2731)
A12: AMZD | B12: 1467 | C12: 2730 | D12: =B12/C12 | E12: 34419 | F12: 8.8400002 | G12: =0.01/F12*10000 | H12: =SQRT(SUMSQ(R1!$AD$2:$AD$2731)/2723)*10000 | I12: =G12/H12 | J12: =COUNTIF(R1!$AD$2:$AD$2731,0)/COUNT(R1!$AD$2:$AD$2731)
A13: AMZN | B13: 2730 | C13: 2730 | D13: =B13/C13 | E13: 52185 | F13: 246.69501 | H13: =SQRT(SUMSQ(R1!$AE$2:$AE$2731)/2723)*10000 | J13: =COUNTIF(R1!$AE$2:$AE$2731,0)/COUNT(R1!$AE$2:$AE$2731)
A14: PLTD | B14: 1731 | C14: 2730 | D14: =B14/C14 | E14: 49000 | F14: 4.7849998 | G14: =0.01/F14*10000 | H14: =SQRT(SUMSQ(R1!$AI$2:$AI$2731)/2723)*10000 | I14: =G14/H14 | J14: =COUNTIF(R1!$AI$2:$AI$2731,0)/COUNT(R1!$AI$2:$AI$2731)
A15: PLTR | B15: 2730 | C15: 2730 | D15: =B15/C15 | E15: 27949.5 | F15: 186.97 | H15: =SQRT(SUMSQ(R1!$AJ$2:$AJ$2731)/2723)*10000 | J15: =COUNTIF(R1!$AJ$2:$AJ$2731,0)/COUNT(R1!$AJ$2:$AJ$2731)

Sheet R1
A1: Time | B1: AVS | C1: AVGO | D1: AVS both traded | E1: AVS return | F1: AVGO return | G1: AAPD | H1: AAPL | I1: AAPD both traded | J1: AAPD return | K1: AAPL return | L1: METD | M1: META | N1: METD both traded | O1: METD return | P1: META return | Q1: MSFD | R1: MSFT | S1: MSFD both traded | T1: MSFD return | U1: MSFT return | V1: SPDN | W1: SPX | X1: SPDN both traded | Y1: SPDN return | Z1: SPX return | AA1: AMZD | AB1: AMZN | AC1: AMZD both traded | AD1: AMZD return | AE1: AMZN return | AF1: PLTD | AG1: PLTR | AH1: PLTD both traded | AI1: PLTD return | AJ1: PLTR return
A2: 46286.396 | B2: 8.1149998 | C2: 356.04001 | D2: 1 | G2: 10.44 | H2: 334.01501 | I2: 1 | L2: 13.8 | M2: 690.19 | N2: 1 | Q2: 10.41 | R2: 494.53 | S2: 1 | V2: 8.5494003 | W2: 7695.7402 | X2: 1 | AA2: 8.5499001 | AB2: 256.38 | AC2: 1 | AF2: 5.0500002 | AG2: 178.8501 | AH2: 1
A3: 46286.397 | B3: 8.1999998 | C3: 354.47 | D3: 1 | E3: =IF(AND(D3=1,INT($A3)=INT($A2),ISNUMBER(B2)),B3/B2-1,"") | F3: =IF(AND(D3=1,INT($A3)=INT($A2),ISNUMBER(C2)),C3/C2-1,"") | G3: 10.43 | H3: 334.06 | I3: 1 | J3: =IF(AND(I3=1,INT($A3)=INT($A2),ISNUMBER(G2)),G3/G2-1,"") | K3: =IF(AND(I3=1,INT($A3)=INT($A2),ISNUMBER(H2)),H3/H2-1,"") | L3: 13.69 | M3: 696.57001 | N3: 1 | O3: =IF(AND(N3=1,INT($A3)=INT($A2),ISNUMBER(L2)),L3/L2-1,"") | P3: =IF(AND(N3=1,INT($A3)=INT($A2),ISNUMBER(M2)),M3/M2-1,"") | Q3: 10.42 | R3: 494.59 | S3: 1 | T3: =IF(AND(S3=1,INT($A3)=INT($A2),ISNUMBER(Q2)),Q3/Q2-1,"") | U3: =IF(AND(S3=1,INT($A3)=INT($A2),ISNUMBER(R2)),R3/R2-1,"") | V3: 8.5450001 | W3: 7693.0898 | X3: 1 | Y3: =IF(AND(X3=1,INT($A3)=INT($A2),ISNUMBER(V2)),V3/V2-1,"") | Z3: =IF(AND(X3=1,INT($A3)=INT($A2),ISNUMBER(W2)),W3/W2-1,"") | AA3: 8.54 | AB3: 256.42499 | AC3: 1 | AD3: =IF(AND(AC3=1,INT($A3)=INT($A2),ISNUMBER(AA2)),AA3/AA2-1,"") | AE3: =IF(AND(AC3=1,INT($A3)=INT($A2),ISNUMBER(AB2)),AB3/AB2-1,"") | AF3: 5.0300002 | AG3: 179.53999 | AH3: 1 | AI3: =IF(AND(AH3=1,INT($A3)=INT($A2),ISNUMBER(AF2)),AF3/AF2-1,"") | AJ3: =IF(AND(AH3=1,INT($A3)=INT($A2),ISNUMBER(AG2)),AG3/AG2-1,"")
A4: 46286.397 | B4: 8.1999998 | C4: 354.64499 | D4: 1 | E4: =IF(AND(D4=1,INT($A4)=INT($A3),ISNUMBER(B3)),B4/B3-1,"") | F4: =IF(AND(D4=1,INT($A4)=INT($A3),ISNUMBER(C3)),C4/C3-1,"") | G4: 10.43 | H4: 334.54999 | I4: 1 | J4: =IF(AND(I4=1,INT($A4)=INT($A3),ISNUMBER(G3)),G4/G3-1,"") | K4: =IF(AND(I4=1,INT($A4)=INT($A3),ISNUMBER(H3)),H4/H3-1,"") | L4: 13.6 | M4: 698.05499 | N4: 1 | O4: =IF(AND(N4=1,INT($A4)=INT($A3),ISNUMBER(L3)),L4/L3-1,"") | P4: =IF(AND(N4=1,INT($A4)=INT($A3),ISNUMBER(M3)),M4/M3-1,"") | Q4: 10.43 | R4: 493.39001 | S4: 1 | T4: =IF(AND(S4=1,INT($A4)=INT($A3),ISNUMBER(Q3)),Q4/Q3-1,"") | U4: =IF(AND(S4=1,INT($A4)=INT($A3),ISNUMBER(R3)),R4/R3-1,"") | V4: 8.5450001 | W4: 7693.0898 | X4: 0 | Y4: =IF(AND(X4=1,INT($A4)=INT($A3),ISNUMBER(V3)),V4/V3-1,"") | Z4: =IF(AND(X4=1,INT($A4)=INT($A3),ISNUMBER(W3)),W4/W3-1,"") | AA4: 8.54 | AB4: 256.42499 | AC4: 0 | AD4: =IF(AND(AC4=1,INT($A4)=INT($A3),ISNUMBER(AA3)),AA4/AA3-1,"") | AE4: =IF(AND(AC4=1,INT($A4)=INT($A3),ISNUMBER(AB3)),AB4/AB3-1,"") | AF4: 5.0500002 | AG4: 178.66 | AH4: 1 | AI4: =IF(AND(AH4=1,INT($A4)=INT($A3),ISNUMBER(AF3)),AF4/AF3-1,"") | AJ4: =IF(AND(AH4=1,INT($A4)=INT($A3),ISNUMBER(AG3)),AG4/AG3-1,"")
A5: 46286.398 | B5: 8.21 | C5: 354.595 | D5: 1 | E5: =IF(AND(D5=1,INT($A5)=INT($A4),ISNUMBER(B4)),B5/B4-1,"") | F5: =IF(AND(D5=1,INT($A5)=INT($A4),ISNUMBER(C4)),C5/C4-1,"") | G5: 10.43 | H5: 334.05051 | I5: 1 | J5: =IF(AND(I5=1,INT($A5)=INT($A4),ISNUMBER(G4)),G5/G4-1,"") | K5: =IF(AND(I5=1,INT($A5)=INT($A4),ISNUMBER(H4)),H5/H4-1,"") | L5: 13.57 | M5: 699.78998 | N5: 1 | O5: =IF(AND(N5=1,INT($A5)=INT($A4),ISNUMBER(L4)),L5/L4-1,"") | P5: =IF(AND(N5=1,INT($A5)=INT($A4),ISNUMBER(M4)),M5/M4-1,"") | Q5: 10.43 | R5: 493.39001 | S5: 0 | T5: =IF(AND(S5=1,INT($A5)=INT($A4),ISNUMBER(Q4)),Q5/Q4-1,"") | U5: =IF(AND(S5=1,INT($A5)=INT($A4),ISNUMBER(R4)),R5/R4-1,"") | V5: 8.5450001 | W5: 7693.8901 | X5: 1 | Y5: =IF(AND(X5=1,INT($A5)=INT($A4),ISNUMBER(V4)),V5/V4-1,"") | Z5: =IF(AND(X5=1,INT($A5)=INT($A4),ISNUMBER(W4)),W5/W4-1,"") | AA5: 8.5799999 | AB5: 255.27 | AC5: 1 | AD5: =IF(AND(AC5=1,INT($A5)=INT($A4),ISNUMBER(AA4)),AA5/AA4-1,"") | AE5: =IF(AND(AC5=1,INT($A5)=INT($A4),ISNUMBER(AB4)),AB5/AB4-1,"") | AF5: 5.0749998 | AG5: 178.17 | AH5: 1 | AI5: =IF(AND(AH5=1,INT($A5)=INT($A4),ISNUMBER(AF4)),AF5/AF4-1,"") | AJ5: =IF(AND(AH5=1,INT($A5)=INT($A4),ISNUMBER(AG4)),AG5/AG4-1,"")
A6: 46286.399 | B6: 8.1999998 | C6: 355.16501 | D6: 1 | E6: =IF(AND(D6=1,INT($A6)=INT($A5),ISNUMBER(B5)),B6/B5-1,"") | F6: =IF(AND(D6=1,INT($A6)=INT($A5),ISNUMBER(C5)),C6/C5-1,"") | G6: 10.43 | H6: 334.05051 | I6: 0 | J6: =IF(AND(I6=1,INT($A6)=INT($A5),ISNUMBER(G5)),G6/G5-1,"") | K6: =IF(AND(I6=1,INT($A6)=INT($A5),ISNUMBER(H5)),H6/H5-1,"") | L6: 13.57 | M6: 699.47998 | N6: 1 | O6: =IF(AND(N6=1,INT($A6)=INT($A5),ISNUMBER(L5)),L6/L5-1,"") | P6: =IF(AND(N6=1,INT($A6)=INT($A5),ISNUMBER(M5)),M6/M5-1,"") | Q6: 10.43 | R6: 493.39001 | S6: 0 | T6: =IF(AND(S6=1,INT($A6)=INT($A5),ISNUMBER(Q5)),Q6/Q5-1,"") | U6: =IF(AND(S6=1,INT($A6)=INT($A5),ISNUMBER(R5)),R6/R5-1,"") | V6: 8.5450001 | W6: 7693.8901 | X6: 0 | Y6: =IF(AND(X6=1,INT($A6)=INT($A5),ISNUMBER(V5)),V6/V5-1,"") | Z6: =IF(AND(X6=1,INT($A6)=INT($A5),ISNUMBER(W5)),W6/W5-1,"") | AA6: 8.5900002 | AB6: 254.94 | AC6: 1 | AD6: =IF(AND(AC6=1,INT($A6)=INT($A5),ISNUMBER(AA5)),AA6/AA5-1,"") | AE6: =IF(AND(AC6=1,INT($A6)=INT($A5),ISNUMBER(AB5)),AB6/AB5-1,"") | AF6: 5.0599999 | AG6: 178.71001 | AH6: 1 | AI6: =IF(AND(AH6=1,INT($A6)=INT($A5),ISNUMBER(AF5)),AF6/AF5-1,"") | AJ6: =IF(AND(AH6=1,INT($A6)=INT($A5),ISNUMBER(AG5)),AG6/AG5-1,"")
A7: 46286.399 | B7: 8.1800003 | C7: 355.16989 | D7: 1 | E7: =IF(AND(D7=1,INT($A7)=INT($A6),ISNUMBER(B6)),B7/B6-1,"") | F7: =IF(AND(D7=1,INT($A7)=INT($A6),ISNUMBER(C6)),C7/C6-1,"") | G7: 10.4208 | H7: 334.41 | I7: 1 | J7: =IF(AND(I7=1,INT($A7)=INT($A6),ISNUMBER(G6)),G7/G6-1,"") | K7: =IF(AND(I7=1,INT($A7)=INT($A6),ISNUMBER(H6)),H7/H6-1,"") | L7: 13.57 | M7: 698.20001 | N7: 1 | O7: =IF(AND(N7=1,INT($A7)=INT($A6),ISNUMBER(L6)),L7/L6-1,"") | P7: =IF(AND(N7=1,INT($A7)=INT($A6),ISNUMBER(M6)),M7/M6-1,"") | Q7: 10.42 | R7: 494.35999 | S7: 1 | T7: =IF(AND(S7=1,INT($A7)=INT($A6),ISNUMBER(Q6)),Q7/Q6-1,"") | U7: =IF(AND(S7=1,INT($A7)=INT($A6),ISNUMBER(R6)),R7/R6-1,"") | V7: 8.5450001 | W7: 7693.8901 | X7: 0 | Y7: =IF(AND(X7=1,INT($A7)=INT($A6),ISNUMBER(V6)),V7/V6-1,"") | Z7: =IF(AND(X7=1,INT($A7)=INT($A6),ISNUMBER(W6)),W7/W6-1,"") | AA7: 8.6000004 | AB7: 254.72501 | AC7: 1 | AD7: =IF(AND(AC7=1,INT($A7)=INT($A6),ISNUMBER(AA6)),AA7/AA6-1,"") | AE7: =IF(AND(AC7=1,INT($A7)=INT($A6),ISNUMBER(AB6)),AB7/AB6-1,"") | AF7: 5.04 | AG7: 179.32001 | AH7: 1 | AI7: =IF(AND(AH7=1,INT($A7)=INT($A6),ISNUMBER(AF6)),AF7/AF6-1,"") | AJ7: =IF(AND(AH7=1,INT($A7)=INT($A6),ISNUMBER(AG6)),AG7/AG6-1,"")
A8: 46286.4 | B8: 8.1800003 | C8: 355.55499 | D8: 1 | E8: =IF(AND(D8=1,INT($A8)=INT($A7),ISNUMBER(B7)),B8/B7-1,"") | F8: =IF(AND(D8=1,INT($A8)=INT($A7),ISNUMBER(C7)),C8/C7-1,"") | G8: 10.42 | H8: 333.91 | I8: 1 | J8: =IF(AND(I8=1,INT($A8)=INT($A7),ISNUMBER(G7)),G8/G7-1,"") | K8: =IF(AND(I8=1,INT($A8)=INT($A7),ISNUMBER(H7)),H8/H7-1,"") | L8: 13.6 | M8: 699.25 | N8: 1 | O8: =IF(AND(N8=1,INT($A8)=INT($A7),ISNUMBER(L7)),L8/L7-1,"") | P8: =IF(AND(N8=1,INT($A8)=INT($A7),ISNUMBER(M7)),M8/M7-1,"") | Q8: 10.41 | R8: 494.5 | S8: 1 | T8: =IF(AND(S8=1,INT($A8)=INT($A7),ISNUMBER(Q7)),Q8/Q7-1,"") | U8: =IF(AND(S8=1,INT($A8)=INT($A7),ISNUMBER(R7)),R8/R7-1,"") | V8: 8.5450001 | W8: 7693.8901 | X8: 0 | Y8: =IF(AND(X8=1,INT($A8)=INT($A7),ISNUMBER(V7)),V8/V7-1,"") | Z8: =IF(AND(X8=1,INT($A8)=INT($A7),ISNUMBER(W7)),W8/W7-1,"") | AA8: 8.5900002 | AB8: 255.36 | AC8: 1 | AD8: =IF(AND(AC8=1,INT($A8)=INT($A7),ISNUMBER(AA7)),AA8/AA7-1,"") | AE8: =IF(AND(AC8=1,INT($A8)=INT($A7),ISNUMBER(AB7)),AB8/AB7-1,"") | AF8: 5.0407 | AG8: 179.21851 | AH8: 1 | AI8: =IF(AND(AH8=1,INT($A8)=INT($A7),ISNUMBER(AF7)),AF8/AF7-1,"") | AJ8: =IF(AND(AH8=1,INT($A8)=INT($A7),ISNUMBER(AG7)),AG8/AG7-1,"")
A9: 46286.401 | B9: 8.1899996 | C9: 355.53021 | D9: 1 | E9: =IF(AND(D9=1,INT($A9)=INT($A8),ISNUMBER(B8)),B9/B8-1,"") | F9: =IF(AND(D9=1,INT($A9)=INT($A8),ISNUMBER(C8)),C9/C8-1,"") | G9: 10.44 | H9: 333.64001 | I9: 1 | J9: =IF(AND(I9=1,INT($A9)=INT($A8),ISNUMBER(G8)),G9/G8-1,"") | K9: =IF(AND(I9=1,INT($A9)=INT($A8),ISNUMBER(H8)),H9/H8-1,"") | L9: 13.5778 | M9: 699.625 | N9: 1 | O9: =IF(AND(N9=1,INT($A9)=INT($A8),ISNUMBER(L8)),L9/L8-1,"") | P9: =IF(AND(N9=1,INT($A9)=INT($A8),ISNUMBER(M8)),M9/M8-1,"") | Q9: 10.4213 | R9: 494.245 | S9: 1 | T9: =IF(AND(S9=1,INT($A9)=INT($A8),ISNUMBER(Q8)),Q9/Q8-1,"") | U9: =IF(AND(S9=1,INT($A9)=INT($A8),ISNUMBER(R8)),R9/R8-1,"") | V9: 8.5450001 | W9: 7693.8901 | X9: 0 | Y9: =IF(AND(X9=1,INT($A9)=INT($A8),ISNUMBER(V8)),V9/V8-1,"") | Z9: =IF(AND(X9=1,INT($A9)=INT($A8),ISNUMBER(W8)),W9/W8-1,"") | AA9: 8.5699997 | AB9: 255.91409 | AC9: 1 | AD9: =IF(AND(AC9=1,INT($A9)=INT($A8),ISNUMBER(AA8)),AA9/AA8-1,"") | AE9: =IF(AND(AC9=1,INT($A9)=INT($A8),ISNUMBER(AB8)),AB9/AB8-1,"") | AF9: 5.0500002 | AG9: 178.99001 | AH9: 1 | AI9: =IF(AND(AH9=1,INT($A9)=INT($A8),ISNUMBER(AF8)),AF9/AF8-1,"") | AJ9: =IF(AND(AH9=1,INT($A9)=INT($A8),ISNUMBER(AG8)),AG9/AG8-1,"")
A10: 46286.401 | B10: 8.1807003 | C10: 355.26001 | D10: 1 | E10: =IF(AND(D10=1,INT($A10)=INT($A9),ISNUMBER(B9)),B10/B9-1,"") | F10: =IF(AND(D10=1,INT($A10)=INT($A9),ISNUMBER(C9)),C10/C9-1,"") | G10: 10.46 | H10: 333.13 | I10: 1 | J10: =IF(AND(I10=1,INT($A10)=INT($A9),ISNUMBER(G9)),G10/G9-1,"") | K10: =IF(AND(I10=1,INT($A10)=INT($A9),ISNUMBER(H9)),H10/H9-1,"") | L10: 13.59 | M10: 698.94501 | N10: 1 | O10: =IF(AND(N10=1,INT($A10)=INT($A9),ISNUMBER(L9)),L10/L9-1,"") | P10: =IF(AND(N10=1,INT($A10)=INT($A9),ISNUMBER(M9)),M10/M9-1,"") | Q10: 10.4213 | R10: 494.245 | S10: 0 | T10: =IF(AND(S10=1,INT($A10)=INT($A9),ISNUMBER(Q9)),Q10/Q9-1,"") | U10: =IF(AND(S10=1,INT($A10)=INT($A9),ISNUMBER(R9)),R10/R9-1,"") | V10: 8.5450001 | W10: 7697.25 | X10: 1 | Y10: =IF(AND(X10=1,INT($A10)=INT($A9),ISNUMBER(V9)),V10/V9-1,"") | Z10: =IF(AND(X10=1,INT($A10)=INT($A9),ISNUMBER(W9)),W10/W9-1,"") | AA10: 8.5571003 | AB10: 256.17999 | AC10: 1 | AD10: =IF(AND(AC10=1,INT($A10)=INT($A9),ISNUMBER(AA9)),AA10/AA9-1,"") | AE10: =IF(AND(AC10=1,INT($A10)=INT($A9),ISNUMBER(AB9)),AB10/AB9-1,"") | AF10: 5.0749998 | AG10: 178.14999 | AH10: 1 | AI10: =IF(AND(AH10=1,INT($A10)=INT($A9),ISNUMBER(AF9)),AF10/AF9-1,"") | AJ10: =IF(AND(AH10=1,INT($A10)=INT($A9),ISNUMBER(AG9)),AG10/AG9-1,"")
A11: 46286.402 | B11: 8.1899996 | C11: 355.09 | D11: 1 | E11: =IF(AND(D11=1,INT($A11)=INT($A10),ISNUMBER(B10)),B11/B10-1,"") | F11: =IF(AND(D11=1,INT($A11)=INT($A10),ISNUMBER(C10)),C11/C10-1,"") | G11: 10.45 | H11: 333.37 | I11: 1 | J11: =IF(AND(I11=1,INT($A11)=INT($A10),ISNUMBER(G10)),G11/G10-1,"") | K11: =IF(AND(I11=1,INT($A11)=INT($A10),ISNUMBER(H10)),H11/H10-1,"") | L11: 13.5899 | M11: 698.59998 | N11: 1 | O11: =IF(AND(N11=1,INT($A11)=INT($A10),ISNUMBER(L10)),L11/L10-1,"") | P11: =IF(AND(N11=1,INT($A11)=INT($A10),ISNUMBER(M10)),M11/M10-1,"") | Q11: 10.4213 | R11: 494.245 | S11: 0 | T11: =IF(AND(S11=1,INT($A11)=INT($A10),ISNUMBER(Q10)),Q11/Q10-1,"") | U11: =IF(AND(S11=1,INT($A11)=INT($A10),ISNUMBER(R10)),R11/R10-1,"") | V11: 8.54 | W11: 7697.4902 | X11: 1 | Y11: =IF(AND(X11=1,INT($A11)=INT($A10),ISNUMBER(V10)),V11/V10-1,"") | Z11: =IF(AND(X11=1,INT($A11)=INT($A10),ISNUMBER(W10)),W11/W10-1,"") | AA11: 8.5571003 | AB11: 256.17999 | AC11: 0 | AD11: =IF(AND(AC11=1,INT($A11)=INT($A10),ISNUMBER(AA10)),AA11/AA10-1,"") | AE11: =IF(AND(AC11=1,INT($A11)=INT($A10),ISNUMBER(AB10)),AB11/AB10-1,"") | AF11: 5.0799999 | AG11: 177.96001 | AH11: 1 | AI11: =IF(AND(AH11=1,INT($A11)=INT($A10),ISNUMBER(AF10)),AF11/AF10-1,"") | AJ11: =IF(AND(AH11=1,INT($A11)=INT($A10),ISNUMBER(AG10)),AG11/AG10-1,"")
A12: 46286.403 | B12: 8.1850004 | C12: 355.35999 | D12: 1 | E12: =IF(AND(D12=1,INT($A12)=INT($A11),ISNUMBER(B11)),B12/B11-1,"") | F12: =IF(AND(D12=1,INT($A12)=INT($A11),ISNUMBER(C11)),C12/C11-1,"") | G12: 10.45 | H12: 333.38 | I12: 1 | J12: =IF(AND(I12=1,INT($A12)=INT($A11),ISNUMBER(G11)),G12/G11-1,"") | K12: =IF(AND(I12=1,INT($A12)=INT($A11),ISNUMBER(H11)),H12/H11-1,"") | L12: 13.5699 | M12: 699.79633 | N12: 1 | O12: =IF(AND(N12=1,INT($A12)=INT($A11),ISNUMBER(L11)),L12/L11-1,"") | P12: =IF(AND(N12=1,INT($A12)=INT($A11),ISNUMBER(M11)),M12/M11-1,"") | Q12: 10.44 | R12: 493.67499 | S12: 1 | T12: =IF(AND(S12=1,INT($A12)=INT($A11),ISNUMBER(Q11)),Q12/Q11-1,"") | U12: =IF(AND(S12=1,INT($A12)=INT($A11),ISNUMBER(R11)),R12/R11-1,"") | V12: 8.5401001 | W12: 7697.0801 | X12: 1 | Y12: =IF(AND(X12=1,INT($A12)=INT($A11),ISNUMBER(V11)),V12/V11-1,"") | Z12: =IF(AND(X12=1,INT($A12)=INT($A11),ISNUMBER(W11)),W12/W11-1,"") | AA12: 8.5600996 | AB12: 255.85001 | AC12: 1 | AD12: =IF(AND(AC12=1,INT($A12)=INT($A11),ISNUMBER(AA11)),AA12/AA11-1,"") | AE12: =IF(AND(AC12=1,INT($A12)=INT($A11),ISNUMBER(AB11)),AB12/AB11-1,"") | AF12: 5.0949998 | AG12: 177.27 | AH12: 1 | AI12: =IF(AND(AH12=1,INT($A12)=INT($A11),ISNUMBER(AF11)),AF12/AF11-1,"") | AJ12: =IF(AND(AH12=1,INT($A12)=INT($A11),ISNUMBER(AG11)),AG12/AG11-1,"")
A13: 46286.403 | B13: 8.1700001 | C13: 356.27499 | D13: 1 | E13: =IF(AND(D13=1,INT($A13)=INT($A12),ISNUMBER(B12)),B13/B12-1,"") | F13: =IF(AND(D13=1,INT($A13)=INT($A12),ISNUMBER(C12)),C13/C12-1,"") | G13: 10.45 | H13: 333.38 | I13: 0 | J13: =IF(AND(I13=1,INT($A13)=INT($A12),ISNUMBER(G12)),G13/G12-1,"") | K13: =IF(AND(I13=1,INT($A13)=INT($A12),ISNUMBER(H12)),H13/H12-1,"") | L13: 13.575 | M13: 698.91998 | N13: 1 | O13: =IF(AND(N13=1,INT($A13)=INT($A12),ISNUMBER(L12)),L13/L12-1,"") | P13: =IF(AND(N13=1,INT($A13)=INT($A12),ISNUMBER(M12)),M13/M12-1,"") | Q13: 10.45 | R13: 492.17499 | S13: 1 | T13: =IF(AND(S13=1,INT($A13)=INT($A12),ISNUMBER(Q12)),Q13/Q12-1,"") | U13: =IF(AND(S13=1,INT($A13)=INT($A12),ISNUMBER(R12)),R13/R12-1,"") | V13: 8.5401001 | W13: 7696.5601 | X13: 1 | Y13: =IF(AND(X13=1,INT($A13)=INT($A12),ISNUMBER(V12)),V13/V12-1,"") | Z13: =IF(AND(X13=1,INT($A13)=INT($A12),ISNUMBER(W12)),W13/W12-1,"") | AA13: 8.5749998 | AB13: 255.66499 | AC13: 1 | AD13: =IF(AND(AC13=1,INT($A13)=INT($A12),ISNUMBER(AA12)),AA13/AA12-1,"") | AE13: =IF(AND(AC13=1,INT($A13)=INT($A12),ISNUMBER(AB12)),AB13/AB12-1,"") | AF13: 5.0998998 | AG13: 177.28 | AH13: 1 | AI13: =IF(AND(AH13=1,INT($A13)=INT($A12),ISNUMBER(AF12)),AF13/AF12-1,"") | AJ13: =IF(AND(AH13=1,INT($A13)=INT($A12),ISNUMBER(AG12)),AG13/AG12-1,"")
A14: 46286.404 | B14: 8.1599998 | C14: 356.73001 | D14: 1 | E14: =IF(AND(D14=1,INT($A14)=INT($A13),ISNUMBER(B13)),B14/B13-1,"") | F14: =IF(AND(D14=1,INT($A14)=INT($A13),ISNUMBER(C13)),C14/C13-1,"") | G14: 10.45 | H14: 333.38 | I14: 0 | J14: =IF(AND(I14=1,INT($A14)=INT($A13),ISNUMBER(G13)),G14/G13-1,"") | K14: =IF(AND(I14=1,INT($A14)=INT($A13),ISNUMBER(H13)),H14/H13-1,"") | L14: 13.56 | M14: 699.57013 | N14: 1 | O14: =IF(AND(N14=1,INT($A14)=INT($A13),ISNUMBER(L13)),L14/L13-1,"") | P14: =IF(AND(N14=1,INT($A14)=INT($A13),ISNUMBER(M13)),M14/M13-1,"") | Q14: 10.465 | R14: 492.60999 | S14: 1 | T14: =IF(AND(S14=1,INT($A14)=INT($A13),ISNUMBER(Q13)),Q14/Q13-1,"") | U14: =IF(AND(S14=1,INT($A14)=INT($A13),ISNUMBER(R13)),R14/R13-1,"") | V14: 8.5401001 | W14: 7696.5601 | X14: 0 | Y14: =IF(AND(X14=1,INT($A14)=INT($A13),ISNUMBER(V13)),V14/V13-1,"") | Z14: =IF(AND(X14=1,INT($A14)=INT($A13),ISNUMBER(W13)),W14/W13-1,"") | AA14: 8.5801001 | AB14: 255.31 | AC14: 1 | AD14: =IF(AND(AC14=1,INT($A14)=INT($A13),ISNUMBER(AA13)),AA14/AA13-1,"") | AE14: =IF(AND(AC14=1,INT($A14)=INT($A13),ISNUMBER(AB13)),AB14/AB13-1,"") | AF14: 5.0899 | AG14: 177.515 | AH14: 1 | AI14: =IF(AND(AH14=1,INT($A14)=INT($A13),ISNUMBER(AF13)),AF14/AF13-1,"") | AJ14: =IF(AND(AH14=1,INT($A14)=INT($A13),ISNUMBER(AG13)),AG14/AG13-1,"")
... A2731: 46294.666 | B2731: 8.1549997 | C2731: 355.13 | D2731: 0 | E2731: =IF(AND(D2731=1,INT($A2731)=INT($A2730),ISNUMBER(B2730)),B2731/B2730-1,"") | F2731: =IF(AND(D2731=1,INT($A2731)=INT($A2730),ISNUMBER(C2730)),C2731/C2730-1,"") | G2731: 10.405 | H2731: 329.59 | I2731: 1 | J2731: =IF(AND(I2731=1,INT($A2731)=INT($A2730),ISNUMBER(G2730)),G2731/G2730-1,"") | K2731: =IF(AND(I2731=1,INT($A2731)=INT($A2730),ISNUMBER(H2730)),H2731/H2730-1,"") | L2731: 12.585 | M2731: 739.02002 | N2731: 1 | O2731: =IF(AND(N2731=1,INT($A2731)=INT($A2730),ISNUMBER(L2730)),L2731/L2730-1,"") | P2731: =IF(AND(N2731=1,INT($A2731)=INT($A2730),ISNUMBER(M2730)),M2731/M2730-1,"") | Q2731: 10.05 | R2731: 509.04001 | S2731: 1 | T2731: =IF(AND(S2731=1,INT($A2731)=INT($A2730),ISNUMBER(Q2730)),Q2731/Q2730-1,"") | U2731: =IF(AND(S2731=1,INT($A2731)=INT($A2730),ISNUMBER(R2730)),R2731/R2730-1,"") | V2731: 8.4700003 | W2731: 7671.8501 | X2731: 1 | Y2731: =IF(AND(X2731=1,INT($A2731)=INT($A2730),ISNUMBER(V2730)),V2731/V2730-1,"") | Z2731: =IF(AND(X2731=1,INT($A2731)=INT($A2730),ISNUMBER(W2730)),W2731/W2730-1,"") | AA2731: 8.8400002 | AB2731: 246.69501 | AC2731: 1 | AD2731: =IF(AND(AC2731=1,INT($A2731)=INT($A2730),ISNUMBER(AA2730)),AA2731/AA2730-1,"") | AE2731: =IF(AND(AC2731=1,INT($A2731)=INT($A2730),ISNUMBER(AB2730)),AB2731/AB2730-1,"") | AF2731: 4.7849998 | AG2731: 186.97 | AH2731: 1 | AI2731: =IF(AND(AH2731=1,INT($A2731)=INT($A2730),ISNUMBER(AF2730)),AF2731/AF2730-1,"") | AJ2731: =IF(AND(AH2731=1,INT($A2731)=INT($A2730),ISNUMBER(AG2730)),AG2731/AG2730-1,"")

Sheet R2
A1: Time | B1: AVS | C1: AVGO | D1: AVS both traded | E1: AVS return | F1: AVGO return | G1: AAPD | H1: AAPL | I1: AAPD both traded | J1: AAPD return | K1: AAPL return | L1: METD | M1: META | N1: METD both traded | O1: METD return | P1: META return | Q1: MSFD | R1: MSFT | S1: MSFD both traded | T1: MSFD return | U1: MSFT return | V1: SPDN | W1: SPX | X1: SPDN both traded | Y1: SPDN return | Z1: SPX return | AA1: AMZD | AB1: AMZN | AC1: AMZD both traded | AD1: AMZD return | AE1: AMZN return | AF1: PLTD | AG1: PLTR | AH1: PLTD both traded | AI1: PLTD return | AJ1: PLTR return
A2: 46286.396 | B2: 8.1149998 | C2: 356.04001 | D2: 1 | G2: 10.44 | H2: 334.01501 | I2: 1 | L2: 13.8 | M2: 690.19 | N2: 1 | Q2: 10.41 | R2: 494.53 | S2: 1 | V2: 8.5494003 | W2: 7695.7402 | X2: 1 | AA2: 8.5499001 | AB2: 256.38 | AC2: 1 | AF2: 5.0500002 | AG2: 178.8501 | AH2: 1
A3: 46286.397 | B3: 8.1999998 | C3: 354.64499 | D3: 1 | E3: =IF(AND(D3=1,INT($A3)=INT($A2),ISNUMBER(B2)),B3/B2-1,"") | F3: =IF(AND(D3=1,INT($A3)=INT($A2),ISNUMBER(C2)),C3/C2-1,"") | G3: 10.43 | H3: 334.54999 | I3: 1 | J3: =IF(AND(I3=1,INT($A3)=INT($A2),ISNUMBER(G2)),G3/G2-1,"") | K3: =IF(AND(I3=1,INT($A3)=INT($A2),ISNUMBER(H2)),H3/H2-1,"") | L3: 13.6 | M3: 698.05499 | N3: 1 | O3: =IF(AND(N3=1,INT($A3)=INT($A2),ISNUMBER(L2)),L3/L2-1,"") | P3: =IF(AND(N3=1,INT($A3)=INT($A2),ISNUMBER(M2)),M3/M2-1,"") | Q3: 10.43 | R3: 493.39001 | S3: 1 | T3: =IF(AND(S3=1,INT($A3)=INT($A2),ISNUMBER(Q2)),Q3/Q2-1,"") | U3: =IF(AND(S3=1,INT($A3)=INT($A2),ISNUMBER(R2)),R3/R2-1,"") | V3: 8.5450001 | W3: 7693.0898 | X3: 1 | Y3: =IF(AND(X3=1,INT($A3)=INT($A2),ISNUMBER(V2)),V3/V2-1,"") | Z3: =IF(AND(X3=1,INT($A3)=INT($A2),ISNUMBER(W2)),W3/W2-1,"") | AA3: 8.54 | AB3: 256.42499 | AC3: 1 | AD3: =IF(AND(AC3=1,INT($A3)=INT($A2),ISNUMBER(AA2)),AA3/AA2-1,"") | AE3: =IF(AND(AC3=1,INT($A3)=INT($A2),ISNUMBER(AB2)),AB3/AB2-1,"") | AF3: 5.0500002 | AG3: 178.66 | AH3: 1 | AI3: =IF(AND(AH3=1,INT($A3)=INT($A2),ISNUMBER(AF2)),AF3/AF2-1,"") | AJ3: =IF(AND(AH3=1,INT($A3)=INT($A2),ISNUMBER(AG2)),AG3/AG2-1,"")
A4: 46286.399 | B4: 8.1999998 | C4: 355.16501 | D4: 1 | E4: =IF(AND(D4=1,INT($A4)=INT($A3),ISNUMBER(B3)),B4/B3-1,"") | F4: =IF(AND(D4=1,INT($A4)=INT($A3),ISNUMBER(C3)),C4/C3-1,"") | G4: 10.43 | H4: 334.05051 | I4: 1 | J4: =IF(AND(I4=1,INT($A4)=INT($A3),ISNUMBER(G3)),G4/G3-1,"") | K4: =IF(AND(I4=1,INT($A4)=INT($A3),ISNUMBER(H3)),H4/H3-1,"") | L4: 13.57 | M4: 699.47998 | N4: 1 | O4: =IF(AND(N4=1,INT($A4)=INT($A3),ISNUMBER(L3)),L4/L3-1,"") | P4: =IF(AND(N4=1,INT($A4)=INT($A3),ISNUMBER(M3)),M4/M3-1,"") | Q4: 10.43 | R4: 493.39001 | S4: 0 | T4: =IF(AND(S4=1,INT($A4)=INT($A3),ISNUMBER(Q3)),Q4/Q3-1,"") | U4: =IF(AND(S4=1,INT($A4)=INT($A3),ISNUMBER(R3)),R4/R3-1,"") | V4: 8.5450001 | W4: 7693.8901 | X4: 1 | Y4: =IF(AND(X4=1,INT($A4)=INT($A3),ISNUMBER(V3)),V4/V3-1,"") | Z4: =IF(AND(X4=1,INT($A4)=INT($A3),ISNUMBER(W3)),W4/W3-1,"") | AA4: 8.5900002 | AB4: 254.94 | AC4: 1 | AD4: =IF(AND(AC4=1,INT($A4)=INT($A3),ISNUMBER(AA3)),AA4/AA3-1,"") | AE4: =IF(AND(AC4=1,INT($A4)=INT($A3),ISNUMBER(AB3)),AB4/AB3-1,"") | AF4: 5.0599999 | AG4: 178.71001 | AH4: 1 | AI4: =IF(AND(AH4=1,INT($A4)=INT($A3),ISNUMBER(AF3)),AF4/AF3-1,"") | AJ4: =IF(AND(AH4=1,INT($A4)=INT($A3),ISNUMBER(AG3)),AG4/AG3-1,"")
A5: 46286.4 | B5: 8.1800003 | C5: 355.55499 | D5: 1 | E5: =IF(AND(D5=1,INT($A5)=INT($A4),ISNUMBER(B4)),B5/B4-1,"") | F5: =IF(AND(D5=1,INT($A5)=INT($A4),ISNUMBER(C4)),C5/C4-1,"") | G5: 10.42 | H5: 333.91 | I5: 1 | J5: =IF(AND(I5=1,INT($A5)=INT($A4),ISNUMBER(G4)),G5/G4-1,"") | K5: =IF(AND(I5=1,INT($A5)=INT($A4),ISNUMBER(H4)),H5/H4-1,"") | L5: 13.6 | M5: 699.25 | N5: 1 | O5: =IF(AND(N5=1,INT($A5)=INT($A4),ISNUMBER(L4)),L5/L4-1,"") | P5: =IF(AND(N5=1,INT($A5)=INT($A4),ISNUMBER(M4)),M5/M4-1,"") | Q5: 10.41 | R5: 494.5 | S5: 1 | T5: =IF(AND(S5=1,INT($A5)=INT($A4),ISNUMBER(Q4)),Q5/Q4-1,"") | U5: =IF(AND(S5=1,INT($A5)=INT($A4),ISNUMBER(R4)),R5/R4-1,"") | V5: 8.5450001 | W5: 7693.8901 | X5: 0 | Y5: =IF(AND(X5=1,INT($A5)=INT($A4),ISNUMBER(V4)),V5/V4-1,"") | Z5: =IF(AND(X5=1,INT($A5)=INT($A4),ISNUMBER(W4)),W5/W4-1,"") | AA5: 8.5900002 | AB5: 255.36 | AC5: 1 | AD5: =IF(AND(AC5=1,INT($A5)=INT($A4),ISNUMBER(AA4)),AA5/AA4-1,"") | AE5: =IF(AND(AC5=1,INT($A5)=INT($A4),ISNUMBER(AB4)),AB5/AB4-1,"") | AF5: 5.0407 | AG5: 179.21851 | AH5: 1 | AI5: =IF(AND(AH5=1,INT($A5)=INT($A4),ISNUMBER(AF4)),AF5/AF4-1,"") | AJ5: =IF(AND(AH5=1,INT($A5)=INT($A4),ISNUMBER(AG4)),AG5/AG4-1,"")
A6: 46286.401 | B6: 8.1807003 | C6: 355.26001 | D6: 1 | E6: =IF(AND(D6=1,INT($A6)=INT($A5),ISNUMBER(B5)),B6/B5-1,"") | F6: =IF(AND(D6=1,INT($A6)=INT($A5),ISNUMBER(C5)),C6/C5-1,"") | G6: 10.46 | H6: 333.13 | I6: 1 | J6: =IF(AND(I6=1,INT($A6)=INT($A5),ISNUMBER(G5)),G6/G5-1,"") | K6: =IF(AND(I6=1,INT($A6)=INT($A5),ISNUMBER(H5)),H6/H5-1,"") | L6: 13.59 | M6: 698.94501 | N6: 1 | O6: =IF(AND(N6=1,INT($A6)=INT($A5),ISNUMBER(L5)),L6/L5-1,"") | P6: =IF(AND(N6=1,INT($A6)=INT($A5),ISNUMBER(M5)),M6/M5-1,"") | Q6: 10.4213 | R6: 494.245 | S6: 1 | T6: =IF(AND(S6=1,INT($A6)=INT($A5),ISNUMBER(Q5)),Q6/Q5-1,"") | U6: =IF(AND(S6=1,INT($A6)=INT($A5),ISNUMBER(R5)),R6/R5-1,"") | V6: 8.5450001 | W6: 7697.25 | X6: 1 | Y6: =IF(AND(X6=1,INT($A6)=INT($A5),ISNUMBER(V5)),V6/V5-1,"") | Z6: =IF(AND(X6=1,INT($A6)=INT($A5),ISNUMBER(W5)),W6/W5-1,"") | AA6: 8.5571003 | AB6: 256.17999 | AC6: 1 | AD6: =IF(AND(AC6=1,INT($A6)=INT($A5),ISNUMBER(AA5)),AA6/AA5-1,"") | AE6: =IF(AND(AC6=1,INT($A6)=INT($A5),ISNUMBER(AB5)),AB6/AB5-1,"") | AF6: 5.0749998 | AG6: 178.14999 | AH6: 1 | AI6: =IF(AND(AH6=1,INT($A6)=INT($A5),ISNUMBER(AF5)),AF6/AF5-1,"") | AJ6: =IF(AND(AH6=1,INT($A6)=INT($A5),ISNUMBER(AG5)),AG6/AG5-1,"")
A7: 46286.403 | B7: 8.1850004 | C7: 355.35999 | D7: 1 | E7: =IF(AND(D7=1,INT($A7)=INT($A6),ISNUMBER(B6)),B7/B6-1,"") | F7: =IF(AND(D7=1,INT($A7)=INT($A6),ISNUMBER(C6)),C7/C6-1,"") | G7: 10.45 | H7: 333.38 | I7: 1 | J7: =IF(AND(I7=1,INT($A7)=INT($A6),ISNUMBER(G6)),G7/G6-1,"") | K7: =IF(AND(I7=1,INT($A7)=INT($A6),ISNUMBER(H6)),H7/H6-1,"") | L7: 13.5699 | M7: 699.79633 | N7: 1 | O7: =IF(AND(N7=1,INT($A7)=INT($A6),ISNUMBER(L6)),L7/L6-1,"") | P7: =IF(AND(N7=1,INT($A7)=INT($A6),ISNUMBER(M6)),M7/M6-1,"") | Q7: 10.44 | R7: 493.67499 | S7: 1 | T7: =IF(AND(S7=1,INT($A7)=INT($A6),ISNUMBER(Q6)),Q7/Q6-1,"") | U7: =IF(AND(S7=1,INT($A7)=INT($A6),ISNUMBER(R6)),R7/R6-1,"") | V7: 8.5401001 | W7: 7697.0801 | X7: 1 | Y7: =IF(AND(X7=1,INT($A7)=INT($A6),ISNUMBER(V6)),V7/V6-1,"") | Z7: =IF(AND(X7=1,INT($A7)=INT($A6),ISNUMBER(W6)),W7/W6-1,"") | AA7: 8.5600996 | AB7: 255.85001 | AC7: 1 | AD7: =IF(AND(AC7=1,INT($A7)=INT($A6),ISNUMBER(AA6)),AA7/AA6-1,"") | AE7: =IF(AND(AC7=1,INT($A7)=INT($A6),ISNUMBER(AB6)),AB7/AB6-1,"") | AF7: 5.0949998 | AG7: 177.27 | AH7: 1 | AI7: =IF(AND(AH7=1,INT($A7)=INT($A6),ISNUMBER(AF6)),AF7/AF6-1,"") | AJ7: =IF(AND(AH7=1,INT($A7)=INT($A6),ISNUMBER(AG6)),AG7/AG6-1,"")
A8: 46286.404 | B8: 8.1599998 | C8: 356.73001 | D8: 1 | E8: =IF(AND(D8=1,INT($A8)=INT($A7),ISNUMBER(B7)),B8/B7-1,"") | F8: =IF(AND(D8=1,INT($A8)=INT($A7),ISNUMBER(C7)),C8/C7-1,"") | G8: 10.45 | H8: 333.38 | I8: 0 | J8: =IF(AND(I8=1,INT($A8)=INT($A7),ISNUMBER(G7)),G8/G7-1,"") | K8: =IF(AND(I8=1,INT($A8)=INT($A7),ISNUMBER(H7)),H8/H7-1,"") | L8: 13.56 | M8: 699.57013 | N8: 1 | O8: =IF(AND(N8=1,INT($A8)=INT($A7),ISNUMBER(L7)),L8/L7-1,"") | P8: =IF(AND(N8=1,INT($A8)=INT($A7),ISNUMBER(M7)),M8/M7-1,"") | Q8: 10.465 | R8: 492.60999 | S8: 1 | T8: =IF(AND(S8=1,INT($A8)=INT($A7),ISNUMBER(Q7)),Q8/Q7-1,"") | U8: =IF(AND(S8=1,INT($A8)=INT($A7),ISNUMBER(R7)),R8/R7-1,"") | V8: 8.5401001 | W8: 7696.5601 | X8: 1 | Y8: =IF(AND(X8=1,INT($A8)=INT($A7),ISNUMBER(V7)),V8/V7-1,"") | Z8: =IF(AND(X8=1,INT($A8)=INT($A7),ISNUMBER(W7)),W8/W7-1,"") | AA8: 8.5801001 | AB8: 255.31 | AC8: 1 | AD8: =IF(AND(AC8=1,INT($A8)=INT($A7),ISNUMBER(AA7)),AA8/AA7-1,"") | AE8: =IF(AND(AC8=1,INT($A8)=INT($A7),ISNUMBER(AB7)),AB8/AB7-1,"") | AF8: 5.0899 | AG8: 177.515 | AH8: 1 | AI8: =IF(AND(AH8=1,INT($A8)=INT($A7),ISNUMBER(AF7)),AF8/AF7-1,"") | AJ8: =IF(AND(AH8=1,INT($A8)=INT($A7),ISNUMBER(AG7)),AG8/AG7-1,"")
A9: 46286.406 | B9: 8.1499996 | C9: 357.13501 | D9: 1 | E9: =IF(AND(D9=1,INT($A9)=INT($A8),ISNUMBER(B8)),B9/B8-1,"") | F9: =IF(AND(D9=1,INT($A9)=INT($A8),ISNUMBER(C8)),C9/C8-1,"") | G9: 10.4491 | H9: 333.89001 | I9: 1 | J9: =IF(AND(I9=1,INT($A9)=INT($A8),ISNUMBER(G8)),G9/G8-1,"") | K9: =IF(AND(I9=1,INT($A9)=INT($A8),ISNUMBER(H8)),H9/H8-1,"") | L9: 13.48 | M9: 703.57501 | N9: 1 | O9: =IF(AND(N9=1,INT($A9)=INT($A8),ISNUMBER(L8)),L9/L8-1,"") | P9: =IF(AND(N9=1,INT($A9)=INT($A8),ISNUMBER(M8)),M9/M8-1,"") | Q9: 10.465 | R9: 492.60999 | S9: 0 | T9: =IF(AND(S9=1,INT($A9)=INT($A8),ISNUMBER(Q8)),Q9/Q8-1,"") | U9: =IF(AND(S9=1,INT($A9)=INT($A8),ISNUMBER(R8)),R9/R8-1,"") | V9: 8.54 | W9: 7698.6602 | X9: 1 | Y9: =IF(AND(X9=1,INT($A9)=INT($A8),ISNUMBER(V8)),V9/V8-1,"") | Z9: =IF(AND(X9=1,INT($A9)=INT($A8),ISNUMBER(W8)),W9/W8-1,"") | AA9: 8.5749998 | AB9: 255.62 | AC9: 1 | AD9: =IF(AND(AC9=1,INT($A9)=INT($A8),ISNUMBER(AA8)),AA9/AA8-1,"") | AE9: =IF(AND(AC9=1,INT($A9)=INT($A8),ISNUMBER(AB8)),AB9/AB8-1,"") | AF9: 5.0798998 | AG9: 178.08 | AH9: 1 | AI9: =IF(AND(AH9=1,INT($A9)=INT($A8),ISNUMBER(AF8)),AF9/AF8-1,"") | AJ9: =IF(AND(AH9=1,INT($A9)=INT($A8),ISNUMBER(AG8)),AG9/AG8-1,"")
A10: 46286.407 | B10: 8.1401997 | C10: 357.54001 | D10: 1 | E10: =IF(AND(D10=1,INT($A10)=INT($A9),ISNUMBER(B9)),B10/B9-1,"") | F10: =IF(AND(D10=1,INT($A10)=INT($A9),ISNUMBER(C9)),C10/C9-1,"") | G10: 10.42 | H10: 334.73499 | I10: 1 | J10: =IF(AND(I10=1,INT($A10)=INT($A9),ISNUMBER(G9)),G10/G9-1,"") | K10: =IF(AND(I10=1,INT($A10)=INT($A9),ISNUMBER(H9)),H10/H9-1,"") | L10: 13.48 | M10: 703.59772 | N10: 1 | O10: =IF(AND(N10=1,INT($A10)=INT($A9),ISNUMBER(L9)),L10/L9-1,"") | P10: =IF(AND(N10=1,INT($A10)=INT($A9),ISNUMBER(M9)),M10/M9-1,"") | Q10: 10.435 | R10: 493.79999 | S10: 1 | T10: =IF(AND(S10=1,INT($A10)=INT($A9),ISNUMBER(Q9)),Q10/Q9-1,"") | U10: =IF(AND(S10=1,INT($A10)=INT($A9),ISNUMBER(R9)),R10/R9-1,"") | V10: 8.5349998 | W10: 7701.6699 | X10: 1 | Y10: =IF(AND(X10=1,INT($A10)=INT($A9),ISNUMBER(V9)),V10/V9-1,"") | Z10: =IF(AND(X10=1,INT($A10)=INT($A9),ISNUMBER(W9)),W10/W9-1,"") | AA10: 8.6199999 | AB10: 254.14 | AC10: 1 | AD10: =IF(AND(AC10=1,INT($A10)=INT($A9),ISNUMBER(AA9)),AA10/AA9-1,"") | AE10: =IF(AND(AC10=1,INT($A10)=INT($A9),ISNUMBER(AB9)),AB10/AB9-1,"") | AF10: 5.0401001 | AG10: 179.1098 | AH10: 1 | AI10: =IF(AND(AH10=1,INT($A10)=INT($A9),ISNUMBER(AF9)),AF10/AF9-1,"") | AJ10: =IF(AND(AH10=1,INT($A10)=INT($A9),ISNUMBER(AG9)),AG10/AG9-1,"")
A11: 46286.408 | B11: 8.1350002 | C11: 357.535 | D11: 1 | E11: =IF(AND(D11=1,INT($A11)=INT($A10),ISNUMBER(B10)),B11/B10-1,"") | F11: =IF(AND(D11=1,INT($A11)=INT($A10),ISNUMBER(C10)),C11/C10-1,"") | G11: 10.4 | H11: 334.98001 | I11: 1 | J11: =IF(AND(I11=1,INT($A11)=INT($A10),ISNUMBER(G10)),G11/G10-1,"") | K11: =IF(AND(I11=1,INT($A11)=INT($A10),ISNUMBER(H10)),H11/H10-1,"") | L11: 13.5 | M11: 702.80499 | N11: 1 | O11: =IF(AND(N11=1,INT($A11)=INT($A10),ISNUMBER(L10)),L11/L10-1,"") | P11: =IF(AND(N11=1,INT($A11)=INT($A10),ISNUMBER(M10)),M11/M10-1,"") | Q11: 10.4478 | R11: 493.435 | S11: 1 | T11: =IF(AND(S11=1,INT($A11)=INT($A10),ISNUMBER(Q10)),Q11/Q10-1,"") | U11: =IF(AND(S11=1,INT($A11)=INT($A10),ISNUMBER(R10)),R11/R10-1,"") | V11: 8.5349998 | W11: 7701.6699 | X11: 0 | Y11: =IF(AND(X11=1,INT($A11)=INT($A10),ISNUMBER(V10)),V11/V10-1,"") | Z11: =IF(AND(X11=1,INT($A11)=INT($A10),ISNUMBER(W10)),W11/W10-1,"") | AA11: 8.6300001 | AB11: 254.39999 | AC11: 1 | AD11: =IF(AND(AC11=1,INT($A11)=INT($A10),ISNUMBER(AA10)),AA11/AA10-1,"") | AE11: =IF(AND(AC11=1,INT($A11)=INT($A10),ISNUMBER(AB10)),AB11/AB10-1,"") | AF11: 5.0401001 | AG11: 179.23 | AH11: 1 | AI11: =IF(AND(AH11=1,INT($A11)=INT($A10),ISNUMBER(AF10)),AF11/AF10-1,"") | AJ11: =IF(AND(AH11=1,INT($A11)=INT($A10),ISNUMBER(AG10)),AG11/AG10-1,"")
A12: 46286.41 | B12: 8.1599998 | C12: 356.23999 | D12: 1 | E12: =IF(AND(D12=1,INT($A12)=INT($A11),ISNUMBER(B11)),B12/B11-1,"") | F12: =IF(AND(D12=1,INT($A12)=INT($A11),ISNUMBER(C11)),C12/C11-1,"") | G12: 10.38 | H12: 335.71799 | I12: 1 | J12: =IF(AND(I12=1,INT($A12)=INT($A11),ISNUMBER(G11)),G12/G11-1,"") | K12: =IF(AND(I12=1,INT($A12)=INT($A11),ISNUMBER(H11)),H12/H11-1,"") | L12: 13.475 | M12: 704.03998 | N12: 1 | O12: =IF(AND(N12=1,INT($A12)=INT($A11),ISNUMBER(L11)),L12/L11-1,"") | P12: =IF(AND(N12=1,INT($A12)=INT($A11),ISNUMBER(M11)),M12/M11-1,"") | Q12: 10.435 | R12: 493.38 | S12: 1 | T12: =IF(AND(S12=1,INT($A12)=INT($A11),ISNUMBER(Q11)),Q12/Q11-1,"") | U12: =IF(AND(S12=1,INT($A12)=INT($A11),ISNUMBER(R11)),R12/R11-1,"") | V12: 8.5398998 | W12: 7700.5098 | X12: 1 | Y12: =IF(AND(X12=1,INT($A12)=INT($A11),ISNUMBER(V11)),V12/V11-1,"") | Z12: =IF(AND(X12=1,INT($A12)=INT($A11),ISNUMBER(W11)),W12/W11-1,"") | AA12: 8.6399002 | AB12: 253.908 | AC12: 1 | AD12: =IF(AND(AC12=1,INT($A12)=INT($A11),ISNUMBER(AA11)),AA12/AA11-1,"") | AE12: =IF(AND(AC12=1,INT($A12)=INT($A11),ISNUMBER(AB11)),AB12/AB11-1,"") | AF12: 5.0496001 | AG12: 179.19 | AH12: 1 | AI12: =IF(AND(AH12=1,INT($A12)=INT($A11),ISNUMBER(AF11)),AF12/AF11-1,"") | AJ12: =IF(AND(AH12=1,INT($A12)=INT($A11),ISNUMBER(AG11)),AG12/AG11-1,"")
A13: 46286.411 | B13: 8.1499996 | C13: 356.76001 | D13: 1 | E13: =IF(AND(D13=1,INT($A13)=INT($A12),ISNUMBER(B12)),B13/B12-1,"") | F13: =IF(AND(D13=1,INT($A13)=INT($A12),ISNUMBER(C12)),C13/C12-1,"") | G13: 10.38 | H13: 335.66199 | I13: 1 | J13: =IF(AND(I13=1,INT($A13)=INT($A12),ISNUMBER(G12)),G13/G12-1,"") | K13: =IF(AND(I13=1,INT($A13)=INT($A12),ISNUMBER(H12)),H13/H12-1,"") | L13: 13.465 | M13: 705.09003 | N13: 1 | O13: =IF(AND(N13=1,INT($A13)=INT($A12),ISNUMBER(L12)),L13/L12-1,"") | P13: =IF(AND(N13=1,INT($A13)=INT($A12),ISNUMBER(M12)),M13/M12-1,"") | Q13: 10.42 | R13: 494.26001 | S13: 1 | T13: =IF(AND(S13=1,INT($A13)=INT($A12),ISNUMBER(Q12)),Q13/Q12-1,"") | U13: =IF(AND(S13=1,INT($A13)=INT($A12),ISNUMBER(R12)),R13/R12-1,"") | V13: 8.5398998 | W13: 7700.5098 | X13: 0 | Y13: =IF(AND(X13=1,INT($A13)=INT($A12),ISNUMBER(V12)),V13/V12-1,"") | Z13: =IF(AND(X13=1,INT($A13)=INT($A12),ISNUMBER(W12)),W13/W12-1,"") | AA13: 8.6199999 | AB13: 254.39 | AC13: 1 | AD13: =IF(AND(AC13=1,INT($A13)=INT($A12),ISNUMBER(AA12)),AA13/AA12-1,"") | AE13: =IF(AND(AC13=1,INT($A13)=INT($A12),ISNUMBER(AB12)),AB13/AB12-1,"") | AF13: 5.0299001 | AG13: 179.7 | AH13: 1 | AI13: =IF(AND(AH13=1,INT($A13)=INT($A12),ISNUMBER(AF12)),AF13/AF12-1,"") | AJ13: =IF(AND(AH13=1,INT($A13)=INT($A12),ISNUMBER(AG12)),AG13/AG12-1,"")
A14: 46286.412 | B14: 8.1599998 | C14: 356.53 | D14: 1 | E14: =IF(AND(D14=1,INT($A14)=INT($A13),ISNUMBER(B13)),B14/B13-1,"") | F14: =IF(AND(D14=1,INT($A14)=INT($A13),ISNUMBER(C13)),C14/C13-1,"") | G14: 10.375 | H14: 335.89999 | I14: 1 | J14: =IF(AND(I14=1,INT($A14)=INT($A13),ISNUMBER(G13)),G14/G13-1,"") | K14: =IF(AND(I14=1,INT($A14)=INT($A13),ISNUMBER(H13)),H14/H13-1,"") | L14: 13.435 | M14: 705.52502 | N14: 1 | O14: =IF(AND(N14=1,INT($A14)=INT($A13),ISNUMBER(L13)),L14/L13-1,"") | P14: =IF(AND(N14=1,INT($A14)=INT($A13),ISNUMBER(M13)),M14/M13-1,"") | Q14: 10.42 | R14: 494.88501 | S14: 1 | T14: =IF(AND(S14=1,INT($A14)=INT($A13),ISNUMBER(Q13)),Q14/Q13-1,"") | U14: =IF(AND(S14=1,INT($A14)=INT($A13),ISNUMBER(R13)),R14/R13-1,"") | V14: 8.5305996 | W14: 7705.9199 | X14: 1 | Y14: =IF(AND(X14=1,INT($A14)=INT($A13),ISNUMBER(V13)),V14/V13-1,"") | Z14: =IF(AND(X14=1,INT($A14)=INT($A13),ISNUMBER(W13)),W14/W13-1,"") | AA14: 8.6099005 | AB14: 254.60001 | AC14: 1 | AD14: =IF(AND(AC14=1,INT($A14)=INT($A13),ISNUMBER(AA13)),AA14/AA13-1,"") | AE14: =IF(AND(AC14=1,INT($A14)=INT($A13),ISNUMBER(AB13)),AB14/AB13-1,"") | AF14: 5.0001001 | AG14: 180.57091 | AH14: 1 | AI14: =IF(AND(AH14=1,INT($A14)=INT($A13),ISNUMBER(AF13)),AF14/AF13-1,"") | AJ14: =IF(AND(AH14=1,INT($A14)=INT($A13),ISNUMBER(AG13)),AG14/AG13-1,"")
... A1373: 46294.667 | B1373: 8.1549997 | C1373: 355.13 | D1373: 0 | E1373: =IF(AND(D1373=1,INT($A1373)=INT($A1372),ISNUMBER(B1372)),B1373/B1372-1,"") | F1373: =IF(AND(D1373=1,INT($A1373)=INT($A1372),ISNUMBER(C1372)),C1373/C1372-1,"") | G1373: 10.405 | H1373: 329.59 | I1373: 1 | J1373: =IF(AND(I1373=1,INT($A1373)=INT($A1372),ISNUMBER(G1372)),G1373/G1372-1,"") | K1373: =IF(AND(I1373=1,INT($A1373)=INT($A1372),ISNUMBER(H1372)),H1373/H1372-1,"") | L1373: 12.585 | M1373: 739.02002 | N1373: 1 | O1373: =IF(AND(N1373=1,INT($A1373)=INT($A1372),ISNUMBER(L1372)),L1373/L1372-1,"") | P1373: =IF(AND(N1373=1,INT($A1373)=INT($A1372),ISNUMBER(M1372)),M1373/M1372-1,"") | Q1373: 10.05 | R1373: 509.04001 | S1373: 1 | T1373: =IF(AND(S1373=1,INT($A1373)=INT($A1372),ISNUMBER(Q1372)),Q1373/Q1372-1,"") | U1373: =IF(AND(S1373=1,INT($A1373)=INT($A1372),ISNUMBER(R1372)),R1373/R1372-1,"") | V1373: 8.4700003 | W1373: 7671.8501 | X1373: 1 | Y1373: =IF(AND(X1373=1,INT($A1373)=INT($A1372),ISNUMBER(V1372)),V1373/V1372-1,"") | Z1373: =IF(AND(X1373=1,INT($A1373)=INT($A1372),ISNUMBER(W1372)),W1373/W1372-1,"") | AA1373: 8.8400002 | AB1373: 246.69501 | AC1373: 1 | AD1373: =IF(AND(AC1373=1,INT($A1373)=INT($A1372),ISNUMBER(AA1372)),AA1373/AA1372-1,"") | AE1373: =IF(AND(AC1373=1,INT($A1373)=INT($A1372),ISNUMBER(AB1372)),AB1373/AB1372-1,"") | AF1373: 4.7849998 | AG1373: 186.97 | AH1373: 1 | AI1373: =IF(AND(AH1373=1,INT($A1373)=INT($A1372),ISNUMBER(AF1372)),AF1373/AF1372-1,"") | AJ1373: =IF(AND(AH1373=1,INT($A1373)=INT($A1372),ISNUMBER(AG1372)),AG1373/AG1372-1,"")

Sheet R3
A1: Time | B1: AVS | C1: AVGO | D1: AVS both traded | E1: AVS return | F1: AVGO return | G1: AAPD | H1: AAPL | I1: AAPD both traded | J1: AAPD return | K1: AAPL return | L1: METD | M1: META | N1: METD both traded | O1: METD return | P1: META return | Q1: MSFD | R1: MSFT | S1: MSFD both traded | T1: MSFD return | U1: MSFT return | V1: SPDN | W1: SPX | X1: SPDN both traded | Y1: SPDN return | Z1: SPX return | AA1: AMZD | AB1: AMZN | AC1: AMZD both traded | AD1: AMZD return | AE1: AMZN return | AF1: PLTD | AG1: PLTR | AH1: PLTD both traded | AI1: PLTD return | AJ1: PLTR return
A2: 46286.396 | B2: 8.1149998 | C2: 356.04001 | D2: 1 | G2: 10.44 | H2: 334.01501 | I2: 1 | L2: 13.8 | M2: 690.19 | N2: 1 | Q2: 10.41 | R2: 494.53 | S2: 1 | V2: 8.5494003 | W2: 7695.7402 | X2: 1 | AA2: 8.5499001 | AB2: 256.38 | AC2: 1 | AF2: 5.0500002 | AG2: 178.8501 | AH2: 1
A3: 46286.398 | B3: 8.21 | C3: 354.595 | D3: 1 | E3: =IF(AND(D3=1,INT($A3)=INT($A2),ISNUMBER(B2)),B3/B2-1,"") | F3: =IF(AND(D3=1,INT($A3)=INT($A2),ISNUMBER(C2)),C3/C2-1,"") | G3: 10.43 | H3: 334.05051 | I3: 1 | J3: =IF(AND(I3=1,INT($A3)=INT($A2),ISNUMBER(G2)),G3/G2-1,"") | K3: =IF(AND(I3=1,INT($A3)=INT($A2),ISNUMBER(H2)),H3/H2-1,"") | L3: 13.57 | M3: 699.78998 | N3: 1 | O3: =IF(AND(N3=1,INT($A3)=INT($A2),ISNUMBER(L2)),L3/L2-1,"") | P3: =IF(AND(N3=1,INT($A3)=INT($A2),ISNUMBER(M2)),M3/M2-1,"") | Q3: 10.43 | R3: 493.39001 | S3: 1 | T3: =IF(AND(S3=1,INT($A3)=INT($A2),ISNUMBER(Q2)),Q3/Q2-1,"") | U3: =IF(AND(S3=1,INT($A3)=INT($A2),ISNUMBER(R2)),R3/R2-1,"") | V3: 8.5450001 | W3: 7693.8901 | X3: 1 | Y3: =IF(AND(X3=1,INT($A3)=INT($A2),ISNUMBER(V2)),V3/V2-1,"") | Z3: =IF(AND(X3=1,INT($A3)=INT($A2),ISNUMBER(W2)),W3/W2-1,"") | AA3: 8.5799999 | AB3: 255.27 | AC3: 1 | AD3: =IF(AND(AC3=1,INT($A3)=INT($A2),ISNUMBER(AA2)),AA3/AA2-1,"") | AE3: =IF(AND(AC3=1,INT($A3)=INT($A2),ISNUMBER(AB2)),AB3/AB2-1,"") | AF3: 5.0749998 | AG3: 178.17 | AH3: 1 | AI3: =IF(AND(AH3=1,INT($A3)=INT($A2),ISNUMBER(AF2)),AF3/AF2-1,"") | AJ3: =IF(AND(AH3=1,INT($A3)=INT($A2),ISNUMBER(AG2)),AG3/AG2-1,"")
A4: 46286.4 | B4: 8.1800003 | C4: 355.55499 | D4: 1 | E4: =IF(AND(D4=1,INT($A4)=INT($A3),ISNUMBER(B3)),B4/B3-1,"") | F4: =IF(AND(D4=1,INT($A4)=INT($A3),ISNUMBER(C3)),C4/C3-1,"") | G4: 10.42 | H4: 333.91 | I4: 1 | J4: =IF(AND(I4=1,INT($A4)=INT($A3),ISNUMBER(G3)),G4/G3-1,"") | K4: =IF(AND(I4=1,INT($A4)=INT($A3),ISNUMBER(H3)),H4/H3-1,"") | L4: 13.6 | M4: 699.25 | N4: 1 | O4: =IF(AND(N4=1,INT($A4)=INT($A3),ISNUMBER(L3)),L4/L3-1,"") | P4: =IF(AND(N4=1,INT($A4)=INT($A3),ISNUMBER(M3)),M4/M3-1,"") | Q4: 10.41 | R4: 494.5 | S4: 1 | T4: =IF(AND(S4=1,INT($A4)=INT($A3),ISNUMBER(Q3)),Q4/Q3-1,"") | U4: =IF(AND(S4=1,INT($A4)=INT($A3),ISNUMBER(R3)),R4/R3-1,"") | V4: 8.5450001 | W4: 7693.8901 | X4: 0 | Y4: =IF(AND(X4=1,INT($A4)=INT($A3),ISNUMBER(V3)),V4/V3-1,"") | Z4: =IF(AND(X4=1,INT($A4)=INT($A3),ISNUMBER(W3)),W4/W3-1,"") | AA4: 8.5900002 | AB4: 255.36 | AC4: 1 | AD4: =IF(AND(AC4=1,INT($A4)=INT($A3),ISNUMBER(AA3)),AA4/AA3-1,"") | AE4: =IF(AND(AC4=1,INT($A4)=INT($A3),ISNUMBER(AB3)),AB4/AB3-1,"") | AF4: 5.0407 | AG4: 179.21851 | AH4: 1 | AI4: =IF(AND(AH4=1,INT($A4)=INT($A3),ISNUMBER(AF3)),AF4/AF3-1,"") | AJ4: =IF(AND(AH4=1,INT($A4)=INT($A3),ISNUMBER(AG3)),AG4/AG3-1,"")
A5: 46286.402 | B5: 8.1899996 | C5: 355.09 | D5: 1 | E5: =IF(AND(D5=1,INT($A5)=INT($A4),ISNUMBER(B4)),B5/B4-1,"") | F5: =IF(AND(D5=1,INT($A5)=INT($A4),ISNUMBER(C4)),C5/C4-1,"") | G5: 10.45 | H5: 333.37 | I5: 1 | J5: =IF(AND(I5=1,INT($A5)=INT($A4),ISNUMBER(G4)),G5/G4-1,"") | K5: =IF(AND(I5=1,INT($A5)=INT($A4),ISNUMBER(H4)),H5/H4-1,"") | L5: 13.5899 | M5: 698.59998 | N5: 1 | O5: =IF(AND(N5=1,INT($A5)=INT($A4),ISNUMBER(L4)),L5/L4-1,"") | P5: =IF(AND(N5=1,INT($A5)=INT($A4),ISNUMBER(M4)),M5/M4-1,"") | Q5: 10.4213 | R5: 494.245 | S5: 1 | T5: =IF(AND(S5=1,INT($A5)=INT($A4),ISNUMBER(Q4)),Q5/Q4-1,"") | U5: =IF(AND(S5=1,INT($A5)=INT($A4),ISNUMBER(R4)),R5/R4-1,"") | V5: 8.54 | W5: 7697.4902 | X5: 1 | Y5: =IF(AND(X5=1,INT($A5)=INT($A4),ISNUMBER(V4)),V5/V4-1,"") | Z5: =IF(AND(X5=1,INT($A5)=INT($A4),ISNUMBER(W4)),W5/W4-1,"") | AA5: 8.5571003 | AB5: 256.17999 | AC5: 1 | AD5: =IF(AND(AC5=1,INT($A5)=INT($A4),ISNUMBER(AA4)),AA5/AA4-1,"") | AE5: =IF(AND(AC5=1,INT($A5)=INT($A4),ISNUMBER(AB4)),AB5/AB4-1,"") | AF5: 5.0799999 | AG5: 177.96001 | AH5: 1 | AI5: =IF(AND(AH5=1,INT($A5)=INT($A4),ISNUMBER(AF4)),AF5/AF4-1,"") | AJ5: =IF(AND(AH5=1,INT($A5)=INT($A4),ISNUMBER(AG4)),AG5/AG4-1,"")
A6: 46286.404 | B6: 8.1599998 | C6: 356.73001 | D6: 1 | E6: =IF(AND(D6=1,INT($A6)=INT($A5),ISNUMBER(B5)),B6/B5-1,"") | F6: =IF(AND(D6=1,INT($A6)=INT($A5),ISNUMBER(C5)),C6/C5-1,"") | G6: 10.45 | H6: 333.38 | I6: 1 | J6: =IF(AND(I6=1,INT($A6)=INT($A5),ISNUMBER(G5)),G6/G5-1,"") | K6: =IF(AND(I6=1,INT($A6)=INT($A5),ISNUMBER(H5)),H6/H5-1,"") | L6: 13.56 | M6: 699.57013 | N6: 1 | O6: =IF(AND(N6=1,INT($A6)=INT($A5),ISNUMBER(L5)),L6/L5-1,"") | P6: =IF(AND(N6=1,INT($A6)=INT($A5),ISNUMBER(M5)),M6/M5-1,"") | Q6: 10.465 | R6: 492.60999 | S6: 1 | T6: =IF(AND(S6=1,INT($A6)=INT($A5),ISNUMBER(Q5)),Q6/Q5-1,"") | U6: =IF(AND(S6=1,INT($A6)=INT($A5),ISNUMBER(R5)),R6/R5-1,"") | V6: 8.5401001 | W6: 7696.5601 | X6: 1 | Y6: =IF(AND(X6=1,INT($A6)=INT($A5),ISNUMBER(V5)),V6/V5-1,"") | Z6: =IF(AND(X6=1,INT($A6)=INT($A5),ISNUMBER(W5)),W6/W5-1,"") | AA6: 8.5801001 | AB6: 255.31 | AC6: 1 | AD6: =IF(AND(AC6=1,INT($A6)=INT($A5),ISNUMBER(AA5)),AA6/AA5-1,"") | AE6: =IF(AND(AC6=1,INT($A6)=INT($A5),ISNUMBER(AB5)),AB6/AB5-1,"") | AF6: 5.0899 | AG6: 177.515 | AH6: 1 | AI6: =IF(AND(AH6=1,INT($A6)=INT($A5),ISNUMBER(AF5)),AF6/AF5-1,"") | AJ6: =IF(AND(AH6=1,INT($A6)=INT($A5),ISNUMBER(AG5)),AG6/AG5-1,"")
A7: 46286.406 | B7: 8.1400003 | C7: 357.53 | D7: 1 | E7: =IF(AND(D7=1,INT($A7)=INT($A6),ISNUMBER(B6)),B7/B6-1,"") | F7: =IF(AND(D7=1,INT($A7)=INT($A6),ISNUMBER(C6)),C7/C6-1,"") | G7: 10.4308 | H7: 334.26001 | I7: 1 | J7: =IF(AND(I7=1,INT($A7)=INT($A6),ISNUMBER(G6)),G7/G6-1,"") | K7: =IF(AND(I7=1,INT($A7)=INT($A6),ISNUMBER(H6)),H7/H6-1,"") | L7: 13.4 | M7: 707.12 | N7: 1 | O7: =IF(AND(N7=1,INT($A7)=INT($A6),ISNUMBER(L6)),L7/L6-1,"") | P7: =IF(AND(N7=1,INT($A7)=INT($A6),ISNUMBER(M6)),M7/M6-1,"") | Q7: 10.44 | R7: 493.64499 | S7: 1 | T7: =IF(AND(S7=1,INT($A7)=INT($A6),ISNUMBER(Q6)),Q7/Q6-1,"") | U7: =IF(AND(S7=1,INT($A7)=INT($A6),ISNUMBER(R6)),R7/R6-1,"") | V7: 8.5349998 | W7: 7701.6699 | X7: 1 | Y7: =IF(AND(X7=1,INT($A7)=INT($A6),ISNUMBER(V6)),V7/V6-1,"") | Z7: =IF(AND(X7=1,INT($A7)=INT($A6),ISNUMBER(W6)),W7/W6-1,"") | AA7: 8.5999002 | AB7: 254.55 | AC7: 1 | AD7: =IF(AND(AC7=1,INT($A7)=INT($A6),ISNUMBER(AA6)),AA7/AA6-1,"") | AE7: =IF(AND(AC7=1,INT($A7)=INT($A6),ISNUMBER(AB6)),AB7/AB6-1,"") | AF7: 5.0700998 | AG7: 178.8 | AH7: 1 | AI7: =IF(AND(AH7=1,INT($A7)=INT($A6),ISNUMBER(AF6)),AF7/AF6-1,"") | AJ7: =IF(AND(AH7=1,INT($A7)=INT($A6),ISNUMBER(AG6)),AG7/AG6-1,"")
A8: 46286.408 | B8: 8.1350002 | C8: 357.535 | D8: 1 | E8: =IF(AND(D8=1,INT($A8)=INT($A7),ISNUMBER(B7)),B8/B7-1,"") | F8: =IF(AND(D8=1,INT($A8)=INT($A7),ISNUMBER(C7)),C8/C7-1,"") | G8: 10.4 | H8: 334.98001 | I8: 1 | J8: =IF(AND(I8=1,INT($A8)=INT($A7),ISNUMBER(G7)),G8/G7-1,"") | K8: =IF(AND(I8=1,INT($A8)=INT($A7),ISNUMBER(H7)),H8/H7-1,"") | L8: 13.5 | M8: 702.80499 | N8: 1 | O8: =IF(AND(N8=1,INT($A8)=INT($A7),ISNUMBER(L7)),L8/L7-1,"") | P8: =IF(AND(N8=1,INT($A8)=INT($A7),ISNUMBER(M7)),M8/M7-1,"") | Q8: 10.4478 | R8: 493.435 | S8: 1 | T8: =IF(AND(S8=1,INT($A8)=INT($A7),ISNUMBER(Q7)),Q8/Q7-1,"") | U8: =IF(AND(S8=1,INT($A8)=INT($A7),ISNUMBER(R7)),R8/R7-1,"") | V8: 8.5349998 | W8: 7701.6699 | X8: 0 | Y8: =IF(AND(X8=1,INT($A8)=INT($A7),ISNUMBER(V7)),V8/V7-1,"") | Z8: =IF(AND(X8=1,INT($A8)=INT($A7),ISNUMBER(W7)),W8/W7-1,"") | AA8: 8.6300001 | AB8: 254.39999 | AC8: 1 | AD8: =IF(AND(AC8=1,INT($A8)=INT($A7),ISNUMBER(AA7)),AA8/AA7-1,"") | AE8: =IF(AND(AC8=1,INT($A8)=INT($A7),ISNUMBER(AB7)),AB8/AB7-1,"") | AF8: 5.0401001 | AG8: 179.23 | AH8: 1 | AI8: =IF(AND(AH8=1,INT($A8)=INT($A7),ISNUMBER(AF7)),AF8/AF7-1,"") | AJ8: =IF(AND(AH8=1,INT($A8)=INT($A7),ISNUMBER(AG7)),AG8/AG7-1,"")
A9: 46286.41 | B9: 8.1599998 | C9: 356.69501 | D9: 1 | E9: =IF(AND(D9=1,INT($A9)=INT($A8),ISNUMBER(B8)),B9/B8-1,"") | F9: =IF(AND(D9=1,INT($A9)=INT($A8),ISNUMBER(C8)),C9/C8-1,"") | G9: 10.38 | H9: 335.74719 | I9: 1 | J9: =IF(AND(I9=1,INT($A9)=INT($A8),ISNUMBER(G8)),G9/G8-1,"") | K9: =IF(AND(I9=1,INT($A9)=INT($A8),ISNUMBER(H8)),H9/H8-1,"") | L9: 13.4699 | M9: 704.58502 | N9: 1 | O9: =IF(AND(N9=1,INT($A9)=INT($A8),ISNUMBER(L8)),L9/L8-1,"") | P9: =IF(AND(N9=1,INT($A9)=INT($A8),ISNUMBER(M8)),M9/M8-1,"") | Q9: 10.435 | R9: 493.38 | S9: 1 | T9: =IF(AND(S9=1,INT($A9)=INT($A8),ISNUMBER(Q8)),Q9/Q8-1,"") | U9: =IF(AND(S9=1,INT($A9)=INT($A8),ISNUMBER(R8)),R9/R8-1,"") | V9: 8.5398998 | W9: 7700.5098 | X9: 1 | Y9: =IF(AND(X9=1,INT($A9)=INT($A8),ISNUMBER(V8)),V9/V8-1,"") | Z9: =IF(AND(X9=1,INT($A9)=INT($A8),ISNUMBER(W8)),W9/W8-1,"") | AA9: 8.6350002 | AB9: 253.92999 | AC9: 1 | AD9: =IF(AND(AC9=1,INT($A9)=INT($A8),ISNUMBER(AA8)),AA9/AA8-1,"") | AE9: =IF(AND(AC9=1,INT($A9)=INT($A8),ISNUMBER(AB8)),AB9/AB8-1,"") | AF9: 5.0250001 | AG9: 179.69 | AH9: 1 | AI9: =IF(AND(AH9=1,INT($A9)=INT($A8),ISNUMBER(AF8)),AF9/AF8-1,"") | AJ9: =IF(AND(AH9=1,INT($A9)=INT($A8),ISNUMBER(AG8)),AG9/AG8-1,"")
A10: 46286.412 | B10: 8.1599998 | C10: 356.53 | D10: 1 | E10: =IF(AND(D10=1,INT($A10)=INT($A9),ISNUMBER(B9)),B10/B9-1,"") | F10: =IF(AND(D10=1,INT($A10)=INT($A9),ISNUMBER(C9)),C10/C9-1,"") | G10: 10.375 | H10: 335.89999 | I10: 1 | J10: =IF(AND(I10=1,INT($A10)=INT($A9),ISNUMBER(G9)),G10/G9-1,"") | K10: =IF(AND(I10=1,INT($A10)=INT($A9),ISNUMBER(H9)),H10/H9-1,"") | L10: 13.435 | M10: 705.52502 | N10: 1 | O10: =IF(AND(N10=1,INT($A10)=INT($A9),ISNUMBER(L9)),L10/L9-1,"") | P10: =IF(AND(N10=1,INT($A10)=INT($A9),ISNUMBER(M9)),M10/M9-1,"") | Q10: 10.42 | R10: 494.88501 | S10: 1 | T10: =IF(AND(S10=1,INT($A10)=INT($A9),ISNUMBER(Q9)),Q10/Q9-1,"") | U10: =IF(AND(S10=1,INT($A10)=INT($A9),ISNUMBER(R9)),R10/R9-1,"") | V10: 8.5305996 | W10: 7705.9199 | X10: 1 | Y10: =IF(AND(X10=1,INT($A10)=INT($A9),ISNUMBER(V9)),V10/V9-1,"") | Z10: =IF(AND(X10=1,INT($A10)=INT($A9),ISNUMBER(W9)),W10/W9-1,"") | AA10: 8.6099005 | AB10: 254.60001 | AC10: 1 | AD10: =IF(AND(AC10=1,INT($A10)=INT($A9),ISNUMBER(AA9)),AA10/AA9-1,"") | AE10: =IF(AND(AC10=1,INT($A10)=INT($A9),ISNUMBER(AB9)),AB10/AB9-1,"") | AF10: 5.0001001 | AG10: 180.57091 | AH10: 1 | AI10: =IF(AND(AH10=1,INT($A10)=INT($A9),ISNUMBER(AF9)),AF10/AF9-1,"") | AJ10: =IF(AND(AH10=1,INT($A10)=INT($A9),ISNUMBER(AG9)),AG10/AG9-1,"")
A11: 46286.415 | B11: 8.1700001 | C11: 356.39001 | D11: 1 | E11: =IF(AND(D11=1,INT($A11)=INT($A10),ISNUMBER(B10)),B11/B10-1,"") | F11: =IF(AND(D11=1,INT($A11)=INT($A10),ISNUMBER(C10)),C11/C10-1,"") | G11: 10.38 | H11: 335.67999 | I11: 1 | J11: =IF(AND(I11=1,INT($A11)=INT($A10),ISNUMBER(G10)),G11/G10-1,"") | K11: =IF(AND(I11=1,INT($A11)=INT($A10),ISNUMBER(H10)),H11/H10-1,"") | L11: 13.3399 | M11: 710.66998 | N11: 1 | O11: =IF(AND(N11=1,INT($A11)=INT($A10),ISNUMBER(L10)),L11/L10-1,"") | P11: =IF(AND(N11=1,INT($A11)=INT($A10),ISNUMBER(M10)),M11/M10-1,"") | Q11: 10.4 | R11: 495.14001 | S11: 1 | T11: =IF(AND(S11=1,INT($A11)=INT($A10),ISNUMBER(Q10)),Q11/Q10-1,"") | U11: =IF(AND(S11=1,INT($A11)=INT($A10),ISNUMBER(R10)),R11/R10-1,"") | V11: 8.5302 | W11: 7703.8701 | X11: 1 | Y11: =IF(AND(X11=1,INT($A11)=INT($A10),ISNUMBER(V10)),V11/V10-1,"") | Z11: =IF(AND(X11=1,INT($A11)=INT($A10),ISNUMBER(W10)),W11/W10-1,"") | AA11: 8.6000996 | AB11: 254.86279 | AC11: 1 | AD11: =IF(AND(AC11=1,INT($A11)=INT($A10),ISNUMBER(AA10)),AA11/AA10-1,"") | AE11: =IF(AND(AC11=1,INT($A11)=INT($A10),ISNUMBER(AB10)),AB11/AB10-1,"") | AF11: 4.9899998 | AG11: 181.1601 | AH11: 1 | AI11: =IF(AND(AH11=1,INT($A11)=INT($A10),ISNUMBER(AF10)),AF11/AF10-1,"") | AJ11: =IF(AND(AH11=1,INT($A11)=INT($A10),ISNUMBER(AG10)),AG11/AG10-1,"")
A12: 46286.417 | B12: 8.1499996 | C12: 357.10999 | D12: 1 | E12: =IF(AND(D12=1,INT($A12)=INT($A11),ISNUMBER(B11)),B12/B11-1,"") | F12: =IF(AND(D12=1,INT($A12)=INT($A11),ISNUMBER(C11)),C12/C11-1,"") | G12: 10.3701 | H12: 335.92001 | I12: 1 | J12: =IF(AND(I12=1,INT($A12)=INT($A11),ISNUMBER(G11)),G12/G11-1,"") | K12: =IF(AND(I12=1,INT($A12)=INT($A11),ISNUMBER(H11)),H12/H11-1,"") | L12: 13.3399 | M12: 710.28998 | N12: 1 | O12: =IF(AND(N12=1,INT($A12)=INT($A11),ISNUMBER(L11)),L12/L11-1,"") | P12: =IF(AND(N12=1,INT($A12)=INT($A11),ISNUMBER(M11)),M12/M11-1,"") | Q12: 10.39 | R12: 495.38 | S12: 1 | T12: =IF(AND(S12=1,INT($A12)=INT($A11),ISNUMBER(Q11)),Q12/Q11-1,"") | U12: =IF(AND(S12=1,INT($A12)=INT($A11),ISNUMBER(R11)),R12/R11-1,"") | V12: 8.5305004 | W12: 7706.2402 | X12: 1 | Y12: =IF(AND(X12=1,INT($A12)=INT($A11),ISNUMBER(V11)),V12/V11-1,"") | Z12: =IF(AND(X12=1,INT($A12)=INT($A11),ISNUMBER(W11)),W12/W11-1,"") | AA12: 8.6149998 | AB12: 254.46001 | AC12: 1 | AD12: =IF(AND(AC12=1,INT($A12)=INT($A11),ISNUMBER(AA11)),AA12/AA11-1,"") | AE12: =IF(AND(AC12=1,INT($A12)=INT($A11),ISNUMBER(AB11)),AB12/AB11-1,"") | AF12: 4.98 | AG12: 181.31 | AH12: 1 | AI12: =IF(AND(AH12=1,INT($A12)=INT($A11),ISNUMBER(AF11)),AF12/AF11-1,"") | AJ12: =IF(AND(AH12=1,INT($A12)=INT($A11),ISNUMBER(AG11)),AG12/AG11-1,"")
A13: 46286.419 | B13: 8.1499004 | C13: 356.91 | D13: 1 | E13: =IF(AND(D13=1,INT($A13)=INT($A12),ISNUMBER(B12)),B13/B12-1,"") | F13: =IF(AND(D13=1,INT($A13)=INT($A12),ISNUMBER(C12)),C13/C12-1,"") | G13: 10.36 | H13: 336.29019 | I13: 1 | J13: =IF(AND(I13=1,INT($A13)=INT($A12),ISNUMBER(G12)),G13/G12-1,"") | K13: =IF(AND(I13=1,INT($A13)=INT($A12),ISNUMBER(H12)),H13/H12-1,"") | L13: 13.3109 | M13: 711.5 | N13: 1 | O13: =IF(AND(N13=1,INT($A13)=INT($A12),ISNUMBER(L12)),L13/L12-1,"") | P13: =IF(AND(N13=1,INT($A13)=INT($A12),ISNUMBER(M12)),M13/M12-1,"") | Q13: 10.4 | R13: 495.38 | S13: 1 | T13: =IF(AND(S13=1,INT($A13)=INT($A12),ISNUMBER(Q12)),Q13/Q12-1,"") | U13: =IF(AND(S13=1,INT($A13)=INT($A12),ISNUMBER(R12)),R13/R12-1,"") | V13: 8.5327997 | W13: 7705.2598 | X13: 1 | Y13: =IF(AND(X13=1,INT($A13)=INT($A12),ISNUMBER(V12)),V13/V12-1,"") | Z13: =IF(AND(X13=1,INT($A13)=INT($A12),ISNUMBER(W12)),W13/W12-1,"") | AA13: 8.5899 | AB13: 255.205 | AC13: 1 | AD13: =IF(AND(AC13=1,INT($A13)=INT($A12),ISNUMBER(AA12)),AA13/AA12-1,"") | AE13: =IF(AND(AC13=1,INT($A13)=INT($A12),ISNUMBER(AB12)),AB13/AB12-1,"") | AF13: 4.9749999 | AG13: 181.33501 | AH13: 1 | AI13: =IF(AND(AH13=1,INT($A13)=INT($A12),ISNUMBER(AF12)),AF13/AF12-1,"") | AJ13: =IF(AND(AH13=1,INT($A13)=INT($A12),ISNUMBER(AG12)),AG13/AG12-1,"")
A14: 46286.421 | B14: 8.1450005 | C14: 356.875 | D14: 1 | E14: =IF(AND(D14=1,INT($A14)=INT($A13),ISNUMBER(B13)),B14/B13-1,"") | F14: =IF(AND(D14=1,INT($A14)=INT($A13),ISNUMBER(C13)),C14/C13-1,"") | G14: 10.3505 | H14: 337.07999 | I14: 1 | J14: =IF(AND(I14=1,INT($A14)=INT($A13),ISNUMBER(G13)),G14/G13-1,"") | K14: =IF(AND(I14=1,INT($A14)=INT($A13),ISNUMBER(H13)),H14/H13-1,"") | L14: 13.289 | M14: 712.49707 | N14: 1 | O14: =IF(AND(N14=1,INT($A14)=INT($A13),ISNUMBER(L13)),L14/L13-1,"") | P14: =IF(AND(N14=1,INT($A14)=INT($A13),ISNUMBER(M13)),M14/M13-1,"") | Q14: 10.3801 | R14: 496.5 | S14: 1 | T14: =IF(AND(S14=1,INT($A14)=INT($A13),ISNUMBER(Q13)),Q14/Q13-1,"") | U14: =IF(AND(S14=1,INT($A14)=INT($A13),ISNUMBER(R13)),R14/R13-1,"") | V14: 8.5299997 | W14: 7702.5898 | X14: 1 | Y14: =IF(AND(X14=1,INT($A14)=INT($A13),ISNUMBER(V13)),V14/V13-1,"") | Z14: =IF(AND(X14=1,INT($A14)=INT($A13),ISNUMBER(W13)),W14/W13-1,"") | AA14: 8.5600004 | AB14: 256.02499 | AC14: 1 | AD14: =IF(AND(AC14=1,INT($A14)=INT($A13),ISNUMBER(AA13)),AA14/AA13-1,"") | AE14: =IF(AND(AC14=1,INT($A14)=INT($A13),ISNUMBER(AB13)),AB14/AB13-1,"") | AF14: 4.9699001 | AG14: 181.6315 | AH14: 1 | AI14: =IF(AND(AH14=1,INT($A14)=INT($A13),ISNUMBER(AF13)),AF14/AF13-1,"") | AJ14: =IF(AND(AH14=1,INT($A14)=INT($A13),ISNUMBER(AG13)),AG14/AG13-1,"")
... A918: 46294.667 | B918: 8.1549997 | C918: 355.13 | D918: 0 | E918: =IF(AND(D918=1,INT($A918)=INT($A917),ISNUMBER(B917)),B918/B917-1,"") | F918: =IF(AND(D918=1,INT($A918)=INT($A917),ISNUMBER(C917)),C918/C917-1,"") | G918: 10.405 | H918: 329.59 | I918: 1 | J918: =IF(AND(I918=1,INT($A918)=INT($A917),ISNUMBER(G917)),G918/G917-1,"") | K918: =IF(AND(I918=1,INT($A918)=INT($A917),ISNUMBER(H917)),H918/H917-1,"") | L918: 12.585 | M918: 739.02002 | N918: 1 | O918: =IF(AND(N918=1,INT($A918)=INT($A917),ISNUMBER(L917)),L918/L917-1,"") | P918: =IF(AND(N918=1,INT($A918)=INT($A917),ISNUMBER(M917)),M918/M917-1,"") | Q918: 10.05 | R918: 509.04001 | S918: 1 | T918: =IF(AND(S918=1,INT($A918)=INT($A917),ISNUMBER(Q917)),Q918/Q917-1,"") | U918: =IF(AND(S918=1,INT($A918)=INT($A917),ISNUMBER(R917)),R918/R917-1,"") | V918: 8.4700003 | W918: 7671.8501 | X918: 1 | Y918: =IF(AND(X918=1,INT($A918)=INT($A917),ISNUMBER(V917)),V918/V917-1,"") | Z918: =IF(AND(X918=1,INT($A918)=INT($A917),ISNUMBER(W917)),W918/W917-1,"") | AA918: 8.8400002 | AB918: 246.69501 | AC918: 1 | AD918: =IF(AND(AC918=1,INT($A918)=INT($A917),ISNUMBER(AA917)),AA918/AA917-1,"") | AE918: =IF(AND(AC918=1,INT($A918)=INT($A917),ISNUMBER(AB917)),AB918/AB917-1,"") | AF918: 4.7849998 | AG918: 186.97 | AH918: 1 | AI918: =IF(AND(AH918=1,INT($A918)=INT($A917),ISNUMBER(AF917)),AF918/AF917-1,"") | AJ918: =IF(AND(AH918=1,INT($A918)=INT($A917),ISNUMBER(AG917)),AG918/AG917-1,"")

Sheet R5
A1: Time | B1: AVS | C1: AVGO | D1: AVS both traded | E1: AVS return | F1: AVGO return | G1: AAPD | H1: AAPL | I1: AAPD both traded | J1: AAPD return | K1: AAPL return | L1: METD | M1: META | N1: METD both traded | O1: METD return | P1: META return | Q1: MSFD | R1: MSFT | S1: MSFD both traded | T1: MSFD return | U1: MSFT return | V1: SPDN | W1: SPX | X1: SPDN both traded | Y1: SPDN return | Z1: SPX return | AA1: AMZD | AB1: AMZN | AC1: AMZD both traded | AD1: AMZD return | AE1: AMZN return | AF1: PLTD | AG1: PLTR | AH1: PLTD both traded | AI1: PLTD return | AJ1: PLTR return
A2: 46286.396 | B2: 8.1149998 | C2: 356.04001 | D2: 1 | G2: 10.44 | H2: 334.01501 | I2: 1 | L2: 13.8 | M2: 690.19 | N2: 1 | Q2: 10.41 | R2: 494.53 | S2: 1 | V2: 8.5494003 | W2: 7695.7402 | X2: 1 | AA2: 8.5499001 | AB2: 256.38 | AC2: 1 | AF2: 5.0500002 | AG2: 178.8501 | AH2: 1
A3: 46286.399 | B3: 8.1800003 | C3: 355.16989 | D3: 1 | E3: =IF(AND(D3=1,INT($A3)=INT($A2),ISNUMBER(B2)),B3/B2-1,"") | F3: =IF(AND(D3=1,INT($A3)=INT($A2),ISNUMBER(C2)),C3/C2-1,"") | G3: 10.4208 | H3: 334.41 | I3: 1 | J3: =IF(AND(I3=1,INT($A3)=INT($A2),ISNUMBER(G2)),G3/G2-1,"") | K3: =IF(AND(I3=1,INT($A3)=INT($A2),ISNUMBER(H2)),H3/H2-1,"") | L3: 13.57 | M3: 698.20001 | N3: 1 | O3: =IF(AND(N3=1,INT($A3)=INT($A2),ISNUMBER(L2)),L3/L2-1,"") | P3: =IF(AND(N3=1,INT($A3)=INT($A2),ISNUMBER(M2)),M3/M2-1,"") | Q3: 10.42 | R3: 494.35999 | S3: 1 | T3: =IF(AND(S3=1,INT($A3)=INT($A2),ISNUMBER(Q2)),Q3/Q2-1,"") | U3: =IF(AND(S3=1,INT($A3)=INT($A2),ISNUMBER(R2)),R3/R2-1,"") | V3: 8.5450001 | W3: 7693.8901 | X3: 1 | Y3: =IF(AND(X3=1,INT($A3)=INT($A2),ISNUMBER(V2)),V3/V2-1,"") | Z3: =IF(AND(X3=1,INT($A3)=INT($A2),ISNUMBER(W2)),W3/W2-1,"") | AA3: 8.6000004 | AB3: 254.72501 | AC3: 1 | AD3: =IF(AND(AC3=1,INT($A3)=INT($A2),ISNUMBER(AA2)),AA3/AA2-1,"") | AE3: =IF(AND(AC3=1,INT($A3)=INT($A2),ISNUMBER(AB2)),AB3/AB2-1,"") | AF3: 5.04 | AG3: 179.32001 | AH3: 1 | AI3: =IF(AND(AH3=1,INT($A3)=INT($A2),ISNUMBER(AF2)),AF3/AF2-1,"") | AJ3: =IF(AND(AH3=1,INT($A3)=INT($A2),ISNUMBER(AG2)),AG3/AG2-1,"")
A4: 46286.403 | B4: 8.1850004 | C4: 355.35999 | D4: 1 | E4: =IF(AND(D4=1,INT($A4)=INT($A3),ISNUMBER(B3)),B4/B3-1,"") | F4: =IF(AND(D4=1,INT($A4)=INT($A3),ISNUMBER(C3)),C4/C3-1,"") | G4: 10.45 | H4: 333.38 | I4: 1 | J4: =IF(AND(I4=1,INT($A4)=INT($A3),ISNUMBER(G3)),G4/G3-1,"") | K4: =IF(AND(I4=1,INT($A4)=INT($A3),ISNUMBER(H3)),H4/H3-1,"") | L4: 13.5699 | M4: 699.79633 | N4: 1 | O4: =IF(AND(N4=1,INT($A4)=INT($A3),ISNUMBER(L3)),L4/L3-1,"") | P4: =IF(AND(N4=1,INT($A4)=INT($A3),ISNUMBER(M3)),M4/M3-1,"") | Q4: 10.44 | R4: 493.67499 | S4: 1 | T4: =IF(AND(S4=1,INT($A4)=INT($A3),ISNUMBER(Q3)),Q4/Q3-1,"") | U4: =IF(AND(S4=1,INT($A4)=INT($A3),ISNUMBER(R3)),R4/R3-1,"") | V4: 8.5401001 | W4: 7697.0801 | X4: 1 | Y4: =IF(AND(X4=1,INT($A4)=INT($A3),ISNUMBER(V3)),V4/V3-1,"") | Z4: =IF(AND(X4=1,INT($A4)=INT($A3),ISNUMBER(W3)),W4/W3-1,"") | AA4: 8.5600996 | AB4: 255.85001 | AC4: 1 | AD4: =IF(AND(AC4=1,INT($A4)=INT($A3),ISNUMBER(AA3)),AA4/AA3-1,"") | AE4: =IF(AND(AC4=1,INT($A4)=INT($A3),ISNUMBER(AB3)),AB4/AB3-1,"") | AF4: 5.0949998 | AG4: 177.27 | AH4: 1 | AI4: =IF(AND(AH4=1,INT($A4)=INT($A3),ISNUMBER(AF3)),AF4/AF3-1,"") | AJ4: =IF(AND(AH4=1,INT($A4)=INT($A3),ISNUMBER(AG3)),AG4/AG3-1,"")
A5: 46286.406 | B5: 8.1400003 | C5: 357.53 | D5: 1 | E5: =IF(AND(D5=1,INT($A5)=INT($A4),ISNUMBER(B4)),B5/B4-1,"") | F5: =IF(AND(D5=1,INT($A5)=INT($A4),ISNUMBER(C4)),C5/C4-1,"") | G5: 10.4308 | H5: 334.26001 | I5: 1 | J5: =IF(AND(I5=1,INT($A5)=INT($A4),ISNUMBER(G4)),G5/G4-1,"") | K5: =IF(AND(I5=1,INT($A5)=INT($A4),ISNUMBER(H4)),H5/H4-1,"") | L5: 13.4 | M5: 707.12 | N5: 1 | O5: =IF(AND(N5=1,INT($A5)=INT($A4),ISNUMBER(L4)),L5/L4-1,"") | P5: =IF(AND(N5=1,INT($A5)=INT($A4),ISNUMBER(M4)),M5/M4-1,"") | Q5: 10.44 | R5: 493.64499 | S5: 1 | T5: =IF(AND(S5=1,INT($A5)=INT($A4),ISNUMBER(Q4)),Q5/Q4-1,"") | U5: =IF(AND(S5=1,INT($A5)=INT($A4),ISNUMBER(R4)),R5/R4-1,"") | V5: 8.5349998 | W5: 7701.6699 | X5: 1 | Y5: =IF(AND(X5=1,INT($A5)=INT($A4),ISNUMBER(V4)),V5/V4-1,"") | Z5: =IF(AND(X5=1,INT($A5)=INT($A4),ISNUMBER(W4)),W5/W4-1,"") | AA5: 8.5999002 | AB5: 254.55 | AC5: 1 | AD5: =IF(AND(AC5=1,INT($A5)=INT($A4),ISNUMBER(AA4)),AA5/AA4-1,"") | AE5: =IF(AND(AC5=1,INT($A5)=INT($A4),ISNUMBER(AB4)),AB5/AB4-1,"") | AF5: 5.0700998 | AG5: 178.8 | AH5: 1 | AI5: =IF(AND(AH5=1,INT($A5)=INT($A4),ISNUMBER(AF4)),AF5/AF4-1,"") | AJ5: =IF(AND(AH5=1,INT($A5)=INT($A4),ISNUMBER(AG4)),AG5/AG4-1,"")
A6: 46286.41 | B6: 8.1599998 | C6: 356.23999 | D6: 1 | E6: =IF(AND(D6=1,INT($A6)=INT($A5),ISNUMBER(B5)),B6/B5-1,"") | F6: =IF(AND(D6=1,INT($A6)=INT($A5),ISNUMBER(C5)),C6/C5-1,"") | G6: 10.38 | H6: 335.71799 | I6: 1 | J6: =IF(AND(I6=1,INT($A6)=INT($A5),ISNUMBER(G5)),G6/G5-1,"") | K6: =IF(AND(I6=1,INT($A6)=INT($A5),ISNUMBER(H5)),H6/H5-1,"") | L6: 13.475 | M6: 704.03998 | N6: 1 | O6: =IF(AND(N6=1,INT($A6)=INT($A5),ISNUMBER(L5)),L6/L5-1,"") | P6: =IF(AND(N6=1,INT($A6)=INT($A5),ISNUMBER(M5)),M6/M5-1,"") | Q6: 10.435 | R6: 493.38 | S6: 1 | T6: =IF(AND(S6=1,INT($A6)=INT($A5),ISNUMBER(Q5)),Q6/Q5-1,"") | U6: =IF(AND(S6=1,INT($A6)=INT($A5),ISNUMBER(R5)),R6/R5-1,"") | V6: 8.5398998 | W6: 7700.5098 | X6: 1 | Y6: =IF(AND(X6=1,INT($A6)=INT($A5),ISNUMBER(V5)),V6/V5-1,"") | Z6: =IF(AND(X6=1,INT($A6)=INT($A5),ISNUMBER(W5)),W6/W5-1,"") | AA6: 8.6399002 | AB6: 253.908 | AC6: 1 | AD6: =IF(AND(AC6=1,INT($A6)=INT($A5),ISNUMBER(AA5)),AA6/AA5-1,"") | AE6: =IF(AND(AC6=1,INT($A6)=INT($A5),ISNUMBER(AB5)),AB6/AB5-1,"") | AF6: 5.0496001 | AG6: 179.19 | AH6: 1 | AI6: =IF(AND(AH6=1,INT($A6)=INT($A5),ISNUMBER(AF5)),AF6/AF5-1,"") | AJ6: =IF(AND(AH6=1,INT($A6)=INT($A5),ISNUMBER(AG5)),AG6/AG5-1,"")
A7: 46286.413 | B7: 8.165 | C7: 356.32001 | D7: 1 | E7: =IF(AND(D7=1,INT($A7)=INT($A6),ISNUMBER(B6)),B7/B6-1,"") | F7: =IF(AND(D7=1,INT($A7)=INT($A6),ISNUMBER(C6)),C7/C6-1,"") | G7: 10.3805 | H7: 335.82001 | I7: 1 | J7: =IF(AND(I7=1,INT($A7)=INT($A6),ISNUMBER(G6)),G7/G6-1,"") | K7: =IF(AND(I7=1,INT($A7)=INT($A6),ISNUMBER(H6)),H7/H6-1,"") | L7: 13.4 | M7: 707.77002 | N7: 1 | O7: =IF(AND(N7=1,INT($A7)=INT($A6),ISNUMBER(L6)),L7/L6-1,"") | P7: =IF(AND(N7=1,INT($A7)=INT($A6),ISNUMBER(M6)),M7/M6-1,"") | Q7: 10.42 | R7: 494.88501 | S7: 1 | T7: =IF(AND(S7=1,INT($A7)=INT($A6),ISNUMBER(Q6)),Q7/Q6-1,"") | U7: =IF(AND(S7=1,INT($A7)=INT($A6),ISNUMBER(R6)),R7/R6-1,"") | V7: 8.5305996 | W7: 7704.9502 | X7: 1 | Y7: =IF(AND(X7=1,INT($A7)=INT($A6),ISNUMBER(V6)),V7/V6-1,"") | Z7: =IF(AND(X7=1,INT($A7)=INT($A6),ISNUMBER(W6)),W7/W6-1,"") | AA7: 8.6099005 | AB7: 254.60001 | AC7: 1 | AD7: =IF(AND(AC7=1,INT($A7)=INT($A6),ISNUMBER(AA6)),AA7/AA6-1,"") | AE7: =IF(AND(AC7=1,INT($A7)=INT($A6),ISNUMBER(AB6)),AB7/AB6-1,"") | AF7: 4.9962001 | AG7: 180.75999 | AH7: 1 | AI7: =IF(AND(AH7=1,INT($A7)=INT($A6),ISNUMBER(AF6)),AF7/AF6-1,"") | AJ7: =IF(AND(AH7=1,INT($A7)=INT($A6),ISNUMBER(AG6)),AG7/AG6-1,"")
A8: 46286.417 | B8: 8.1499996 | C8: 357.10999 | D8: 1 | E8: =IF(AND(D8=1,INT($A8)=INT($A7),ISNUMBER(B7)),B8/B7-1,"") | F8: =IF(AND(D8=1,INT($A8)=INT($A7),ISNUMBER(C7)),C8/C7-1,"") | G8: 10.3701 | H8: 335.92001 | I8: 1 | J8: =IF(AND(I8=1,INT($A8)=INT($A7),ISNUMBER(G7)),G8/G7-1,"") | K8: =IF(AND(I8=1,INT($A8)=INT($A7),ISNUMBER(H7)),H8/H7-1,"") | L8: 13.3399 | M8: 710.28998 | N8: 1 | O8: =IF(AND(N8=1,INT($A8)=INT($A7),ISNUMBER(L7)),L8/L7-1,"") | P8: =IF(AND(N8=1,INT($A8)=INT($A7),ISNUMBER(M7)),M8/M7-1,"") | Q8: 10.39 | R8: 495.38 | S8: 1 | T8: =IF(AND(S8=1,INT($A8)=INT($A7),ISNUMBER(Q7)),Q8/Q7-1,"") | U8: =IF(AND(S8=1,INT($A8)=INT($A7),ISNUMBER(R7)),R8/R7-1,"") | V8: 8.5305004 | W8: 7706.2402 | X8: 1 | Y8: =IF(AND(X8=1,INT($A8)=INT($A7),ISNUMBER(V7)),V8/V7-1,"") | Z8: =IF(AND(X8=1,INT($A8)=INT($A7),ISNUMBER(W7)),W8/W7-1,"") | AA8: 8.6149998 | AB8: 254.46001 | AC8: 1 | AD8: =IF(AND(AC8=1,INT($A8)=INT($A7),ISNUMBER(AA7)),AA8/AA7-1,"") | AE8: =IF(AND(AC8=1,INT($A8)=INT($A7),ISNUMBER(AB7)),AB8/AB7-1,"") | AF8: 4.98 | AG8: 181.31 | AH8: 1 | AI8: =IF(AND(AH8=1,INT($A8)=INT($A7),ISNUMBER(AF7)),AF8/AF7-1,"") | AJ8: =IF(AND(AH8=1,INT($A8)=INT($A7),ISNUMBER(AG7)),AG8/AG7-1,"")
A9: 46286.42 | B9: 8.1450005 | C9: 356.875 | D9: 1 | E9: =IF(AND(D9=1,INT($A9)=INT($A8),ISNUMBER(B8)),B9/B8-1,"") | F9: =IF(AND(D9=1,INT($A9)=INT($A8),ISNUMBER(C8)),C9/C8-1,"") | G9: 10.35 | H9: 336.82001 | I9: 1 | J9: =IF(AND(I9=1,INT($A9)=INT($A8),ISNUMBER(G8)),G9/G8-1,"") | K9: =IF(AND(I9=1,INT($A9)=INT($A8),ISNUMBER(H8)),H9/H8-1,"") | L9: 13.2302 | M9: 714.81 | N9: 1 | O9: =IF(AND(N9=1,INT($A9)=INT($A8),ISNUMBER(L8)),L9/L8-1,"") | P9: =IF(AND(N9=1,INT($A9)=INT($A8),ISNUMBER(M8)),M9/M8-1,"") | Q9: 10.3801 | R9: 496.5 | S9: 1 | T9: =IF(AND(S9=1,INT($A9)=INT($A8),ISNUMBER(Q8)),Q9/Q8-1,"") | U9: =IF(AND(S9=1,INT($A9)=INT($A8),ISNUMBER(R8)),R9/R8-1,"") | V9: 8.5299997 | W9: 7702.5898 | X9: 1 | Y9: =IF(AND(X9=1,INT($A9)=INT($A8),ISNUMBER(V8)),V9/V8-1,"") | Z9: =IF(AND(X9=1,INT($A9)=INT($A8),ISNUMBER(W8)),W9/W8-1,"") | AA9: 8.5799999 | AB9: 255.33 | AC9: 1 | AD9: =IF(AND(AC9=1,INT($A9)=INT($A8),ISNUMBER(AA8)),AA9/AA8-1,"") | AE9: =IF(AND(AC9=1,INT($A9)=INT($A8),ISNUMBER(AB8)),AB9/AB8-1,"") | AF9: 4.9604001 | AG9: 181.88 | AH9: 1 | AI9: =IF(AND(AH9=1,INT($A9)=INT($A8),ISNUMBER(AF8)),AF9/AF8-1,"") | AJ9: =IF(AND(AH9=1,INT($A9)=INT($A8),ISNUMBER(AG8)),AG9/AG8-1,"")
A10: 46286.424 | B10: 8.1499996 | C10: 356.67001 | D10: 1 | E10: =IF(AND(D10=1,INT($A10)=INT($A9),ISNUMBER(B9)),B10/B9-1,"") | F10: =IF(AND(D10=1,INT($A10)=INT($A9),ISNUMBER(C9)),C10/C9-1,"") | G10: 10.3301 | H10: 337.16 | I10: 1 | J10: =IF(AND(I10=1,INT($A10)=INT($A9),ISNUMBER(G9)),G10/G9-1,"") | K10: =IF(AND(I10=1,INT($A10)=INT($A9),ISNUMBER(H9)),H10/H9-1,"") | L10: 13.2599 | M10: 714.07001 | N10: 1 | O10: =IF(AND(N10=1,INT($A10)=INT($A9),ISNUMBER(L9)),L10/L9-1,"") | P10: =IF(AND(N10=1,INT($A10)=INT($A9),ISNUMBER(M9)),M10/M9-1,"") | Q10: 10.39 | R10: 495.63501 | S10: 1 | T10: =IF(AND(S10=1,INT($A10)=INT($A9),ISNUMBER(Q9)),Q10/Q9-1,"") | U10: =IF(AND(S10=1,INT($A10)=INT($A9),ISNUMBER(R9)),R10/R9-1,"") | V10: 8.5299997 | W10: 7705.6602 | X10: 1 | Y10: =IF(AND(X10=1,INT($A10)=INT($A9),ISNUMBER(V9)),V10/V9-1,"") | Z10: =IF(AND(X10=1,INT($A10)=INT($A9),ISNUMBER(W9)),W10/W9-1,"") | AA10: 8.5300999 | AB10: 256.815 | AC10: 1 | AD10: =IF(AND(AC10=1,INT($A10)=INT($A9),ISNUMBER(AA9)),AA10/AA9-1,"") | AE10: =IF(AND(AC10=1,INT($A10)=INT($A9),ISNUMBER(AB9)),AB10/AB9-1,"") | AF10: 4.9850001 | AG10: 181.17999 | AH10: 1 | AI10: =IF(AND(AH10=1,INT($A10)=INT($A9),ISNUMBER(AF9)),AF10/AF9-1,"") | AJ10: =IF(AND(AH10=1,INT($A10)=INT($A9),ISNUMBER(AG9)),AG10/AG9-1,"")
A11: 46286.427 | B11: 8.1499004 | C11: 356.97 | D11: 1 | E11: =IF(AND(D11=1,INT($A11)=INT($A10),ISNUMBER(B10)),B11/B10-1,"") | F11: =IF(AND(D11=1,INT($A11)=INT($A10),ISNUMBER(C10)),C11/C10-1,"") | G11: 10.35 | H11: 336.63 | I11: 1 | J11: =IF(AND(I11=1,INT($A11)=INT($A10),ISNUMBER(G10)),G11/G10-1,"") | K11: =IF(AND(I11=1,INT($A11)=INT($A10),ISNUMBER(H10)),H11/H10-1,"") | L11: 13.25 | M11: 715 | N11: 1 | O11: =IF(AND(N11=1,INT($A11)=INT($A10),ISNUMBER(L10)),L11/L10-1,"") | P11: =IF(AND(N11=1,INT($A11)=INT($A10),ISNUMBER(M10)),M11/M10-1,"") | Q11: 10.39 | R11: 495.63501 | S11: 0 | T11: =IF(AND(S11=1,INT($A11)=INT($A10),ISNUMBER(Q10)),Q11/Q10-1,"") | U11: =IF(AND(S11=1,INT($A11)=INT($A10),ISNUMBER(R10)),R11/R10-1,"") | V11: 8.5298996 | W11: 7709.4399 | X11: 1 | Y11: =IF(AND(X11=1,INT($A11)=INT($A10),ISNUMBER(V10)),V11/V10-1,"") | Z11: =IF(AND(X11=1,INT($A11)=INT($A10),ISNUMBER(W10)),W11/W10-1,"") | AA11: 8.5403004 | AB11: 256.55499 | AC11: 1 | AD11: =IF(AND(AC11=1,INT($A11)=INT($A10),ISNUMBER(AA10)),AA11/AA10-1,"") | AE11: =IF(AND(AC11=1,INT($A11)=INT($A10),ISNUMBER(AB10)),AB11/AB10-1,"") | AF11: 4.9801002 | AG11: 181.28999 | AH11: 1 | AI11: =IF(AND(AH11=1,INT($A11)=INT($A10),ISNUMBER(AF10)),AF11/AF10-1,"") | AJ11: =IF(AND(AH11=1,INT($A11)=INT($A10),ISNUMBER(AG10)),AG11/AG10-1,"")
A12: 46286.431 | B12: 8.1499996 | C12: 356.92999 | D12: 1 | E12: =IF(AND(D12=1,INT($A12)=INT($A11),ISNUMBER(B11)),B12/B11-1,"") | F12: =IF(AND(D12=1,INT($A12)=INT($A11),ISNUMBER(C11)),C12/C11-1,"") | G12: 10.33 | H12: 337.14999 | I12: 1 | J12: =IF(AND(I12=1,INT($A12)=INT($A11),ISNUMBER(G11)),G12/G11-1,"") | K12: =IF(AND(I12=1,INT($A12)=INT($A11),ISNUMBER(H11)),H12/H11-1,"") | L12: 13.3199 | M12: 711.56372 | N12: 1 | O12: =IF(AND(N12=1,INT($A12)=INT($A11),ISNUMBER(L11)),L12/L11-1,"") | P12: =IF(AND(N12=1,INT($A12)=INT($A11),ISNUMBER(M11)),M12/M11-1,"") | Q12: 10.4129 | R12: 494.51001 | S12: 1 | T12: =IF(AND(S12=1,INT($A12)=INT($A11),ISNUMBER(Q11)),Q12/Q11-1,"") | U12: =IF(AND(S12=1,INT($A12)=INT($A11),ISNUMBER(R11)),R12/R11-1,"") | V12: 8.5249996 | W12: 7713.6499 | X12: 1 | Y12: =IF(AND(X12=1,INT($A12)=INT($A11),ISNUMBER(V11)),V12/V11-1,"") | Z12: =IF(AND(X12=1,INT($A12)=INT($A11),ISNUMBER(W11)),W12/W11-1,"") | AA12: 8.5349998 | AB12: 256.565 | AC12: 1 | AD12: =IF(AND(AC12=1,INT($A12)=INT($A11),ISNUMBER(AA11)),AA12/AA11-1,"") | AE12: =IF(AND(AC12=1,INT($A12)=INT($A11),ISNUMBER(AB11)),AB12/AB11-1,"") | AF12: 4.9699001 | AG12: 181.63 | AH12: 1 | AI12: =IF(AND(AH12=1,INT($A12)=INT($A11),ISNUMBER(AF11)),AF12/AF11-1,"") | AJ12: =IF(AND(AH12=1,INT($A12)=INT($A11),ISNUMBER(AG11)),AG12/AG11-1,"")
A13: 46286.434 | B13: 8.1287003 | C13: 358 | D13: 1 | E13: =IF(AND(D13=1,INT($A13)=INT($A12),ISNUMBER(B12)),B13/B12-1,"") | F13: =IF(AND(D13=1,INT($A13)=INT($A12),ISNUMBER(C12)),C13/C12-1,"") | G13: 10.33 | H13: 337.14999 | I13: 1 | J13: =IF(AND(I13=1,INT($A13)=INT($A12),ISNUMBER(G12)),G13/G12-1,"") | K13: =IF(AND(I13=1,INT($A13)=INT($A12),ISNUMBER(H12)),H13/H12-1,"") | L13: 13.32 | M13: 712.32001 | N13: 1 | O13: =IF(AND(N13=1,INT($A13)=INT($A12),ISNUMBER(L12)),L13/L12-1,"") | P13: =IF(AND(N13=1,INT($A13)=INT($A12),ISNUMBER(M12)),M13/M12-1,"") | Q13: 10.425 | R13: 494.125 | S13: 1 | T13: =IF(AND(S13=1,INT($A13)=INT($A12),ISNUMBER(Q12)),Q13/Q12-1,"") | U13: =IF(AND(S13=1,INT($A13)=INT($A12),ISNUMBER(R12)),R13/R12-1,"") | V13: 8.5150003 | W13: 7720.6001 | X13: 1 | Y13: =IF(AND(X13=1,INT($A13)=INT($A12),ISNUMBER(V12)),V13/V12-1,"") | Z13: =IF(AND(X13=1,INT($A13)=INT($A12),ISNUMBER(W12)),W13/W12-1,"") | AA13: 8.5537996 | AB13: 256.23001 | AC13: 1 | AD13: =IF(AND(AC13=1,INT($A13)=INT($A12),ISNUMBER(AA12)),AA13/AA12-1,"") | AE13: =IF(AND(AC13=1,INT($A13)=INT($A12),ISNUMBER(AB12)),AB13/AB12-1,"") | AF13: 4.9699998 | AG13: 181.828 | AH13: 1 | AI13: =IF(AND(AH13=1,INT($A13)=INT($A12),ISNUMBER(AF12)),AF13/AF12-1,"") | AJ13: =IF(AND(AH13=1,INT($A13)=INT($A12),ISNUMBER(AG12)),AG13/AG12-1,"")
A14: 46286.438 | B14: 8.1300001 | C14: 357.67499 | D14: 1 | E14: =IF(AND(D14=1,INT($A14)=INT($A13),ISNUMBER(B13)),B14/B13-1,"") | F14: =IF(AND(D14=1,INT($A14)=INT($A13),ISNUMBER(C13)),C14/C13-1,"") | G14: 10.3404 | H14: 336.94 | I14: 1 | J14: =IF(AND(I14=1,INT($A14)=INT($A13),ISNUMBER(G13)),G14/G13-1,"") | K14: =IF(AND(I14=1,INT($A14)=INT($A13),ISNUMBER(H13)),H14/H13-1,"") | L14: 13.3199 | M14: 711.77002 | N14: 1 | O14: =IF(AND(N14=1,INT($A14)=INT($A13),ISNUMBER(L13)),L14/L13-1,"") | P14: =IF(AND(N14=1,INT($A14)=INT($A13),ISNUMBER(M13)),M14/M13-1,"") | Q14: 10.4401 | R14: 493.47 | S14: 1 | T14: =IF(AND(S14=1,INT($A14)=INT($A13),ISNUMBER(Q13)),Q14/Q13-1,"") | U14: =IF(AND(S14=1,INT($A14)=INT($A13),ISNUMBER(R13)),R14/R13-1,"") | V14: 8.5100002 | W14: 7721.1802 | X14: 1 | Y14: =IF(AND(X14=1,INT($A14)=INT($A13),ISNUMBER(V13)),V14/V13-1,"") | Z14: =IF(AND(X14=1,INT($A14)=INT($A13),ISNUMBER(W13)),W14/W13-1,"") | AA14: 8.5649996 | AB14: 255.81 | AC14: 1 | AD14: =IF(AND(AC14=1,INT($A14)=INT($A13),ISNUMBER(AA13)),AA14/AA13-1,"") | AE14: =IF(AND(AC14=1,INT($A14)=INT($A13),ISNUMBER(AB13)),AB14/AB13-1,"") | AF14: 4.9650002 | AG14: 182.03 | AH14: 1 | AI14: =IF(AND(AH14=1,INT($A14)=INT($A13),ISNUMBER(AF13)),AF14/AF13-1,"") | AJ14: =IF(AND(AH14=1,INT($A14)=INT($A13),ISNUMBER(AG13)),AG14/AG13-1,"")
... A554: 46294.667 | B554: 8.1549997 | C554: 355.13 | D554: 1 | E554: =IF(AND(D554=1,INT($A554)=INT($A553),ISNUMBER(B553)),B554/B553-1,"") | F554: =IF(AND(D554=1,INT($A554)=INT($A553),ISNUMBER(C553)),C554/C553-1,"") | G554: 10.405 | H554: 329.59 | I554: 1 | J554: =IF(AND(I554=1,INT($A554)=INT($A553),ISNUMBER(G553)),G554/G553-1,"") | K554: =IF(AND(I554=1,INT($A554)=INT($A553),ISNUMBER(H553)),H554/H553-1,"") | L554: 12.585 | M554: 739.02002 | N554: 1 | O554: =IF(AND(N554=1,INT($A554)=INT($A553),ISNUMBER(L553)),L554/L553-1,"") | P554: =IF(AND(N554=1,INT($A554)=INT($A553),ISNUMBER(M553)),M554/M553-1,"") | Q554: 10.05 | R554: 509.04001 | S554: 1 | T554: =IF(AND(S554=1,INT($A554)=INT($A553),ISNUMBER(Q553)),Q554/Q553-1,"") | U554: =IF(AND(S554=1,INT($A554)=INT($A553),ISNUMBER(R553)),R554/R553-1,"") | V554: 8.4700003 | W554: 7671.8501 | X554: 1 | Y554: =IF(AND(X554=1,INT($A554)=INT($A553),ISNUMBER(V553)),V554/V553-1,"") | Z554: =IF(AND(X554=1,INT($A554)=INT($A553),ISNUMBER(W553)),W554/W553-1,"") | AA554: 8.8400002 | AB554: 246.69501 | AC554: 1 | AD554: =IF(AND(AC554=1,INT($A554)=INT($A553),ISNUMBER(AA553)),AA554/AA553-1,"") | AE554: =IF(AND(AC554=1,INT($A554)=INT($A553),ISNUMBER(AB553)),AB554/AB553-1,"") | AF554: 4.7849998 | AG554: 186.97 | AH554: 1 | AI554: =IF(AND(AH554=1,INT($A554)=INT($A553),ISNUMBER(AF553)),AF554/AF553-1,"") | AJ554: =IF(AND(AH554=1,INT($A554)=INT($A553),ISNUMBER(AG553)),AG554/AG553-1,"")

Sheet R10
A1: Time | B1: AVS | C1: AVGO | D1: AVS both traded | E1: AVS return | F1: AVGO return | G1: AAPD | H1: AAPL | I1: AAPD both traded | J1: AAPD return | K1: AAPL return | L1: METD | M1: META | N1: METD both traded | O1: METD return | P1: META return | Q1: MSFD | R1: MSFT | S1: MSFD both traded | T1: MSFD return | U1: MSFT return | V1: SPDN | W1: SPX | X1: SPDN both traded | Y1: SPDN return | Z1: SPX return | AA1: AMZD | AB1: AMZN | AC1: AMZD both traded | AD1: AMZD return | AE1: AMZN return | AF1: PLTD | AG1: PLTR | AH1: PLTD both traded | AI1: PLTD return | AJ1: PLTR return
A2: 46286.396 | B2: 8.1149998 | C2: 356.04001 | D2: 1 | G2: 10.44 | H2: 334.01501 | I2: 1 | L2: 13.8 | M2: 690.19 | N2: 1 | Q2: 10.41 | R2: 494.53 | S2: 1 | V2: 8.5494003 | W2: 7695.7402 | X2: 1 | AA2: 8.5499001 | AB2: 256.38 | AC2: 1 | AF2: 5.0500002 | AG2: 178.8501 | AH2: 1
A3: 46286.403 | B3: 8.1850004 | C3: 355.35999 | D3: 1 | E3: =IF(AND(D3=1,INT($A3)=INT($A2),ISNUMBER(B2)),B3/B2-1,"") | F3: =IF(AND(D3=1,INT($A3)=INT($A2),ISNUMBER(C2)),C3/C2-1,"") | G3: 10.45 | H3: 333.38 | I3: 1 | J3: =IF(AND(I3=1,INT($A3)=INT($A2),ISNUMBER(G2)),G3/G2-1,"") | K3: =IF(AND(I3=1,INT($A3)=INT($A2),ISNUMBER(H2)),H3/H2-1,"") | L3: 13.5699 | M3: 699.79633 | N3: 1 | O3: =IF(AND(N3=1,INT($A3)=INT($A2),ISNUMBER(L2)),L3/L2-1,"") | P3: =IF(AND(N3=1,INT($A3)=INT($A2),ISNUMBER(M2)),M3/M2-1,"") | Q3: 10.44 | R3: 493.67499 | S3: 1 | T3: =IF(AND(S3=1,INT($A3)=INT($A2),ISNUMBER(Q2)),Q3/Q2-1,"") | U3: =IF(AND(S3=1,INT($A3)=INT($A2),ISNUMBER(R2)),R3/R2-1,"") | V3: 8.5401001 | W3: 7697.0801 | X3: 1 | Y3: =IF(AND(X3=1,INT($A3)=INT($A2),ISNUMBER(V2)),V3/V2-1,"") | Z3: =IF(AND(X3=1,INT($A3)=INT($A2),ISNUMBER(W2)),W3/W2-1,"") | AA3: 8.5600996 | AB3: 255.85001 | AC3: 1 | AD3: =IF(AND(AC3=1,INT($A3)=INT($A2),ISNUMBER(AA2)),AA3/AA2-1,"") | AE3: =IF(AND(AC3=1,INT($A3)=INT($A2),ISNUMBER(AB2)),AB3/AB2-1,"") | AF3: 5.0949998 | AG3: 177.27 | AH3: 1 | AI3: =IF(AND(AH3=1,INT($A3)=INT($A2),ISNUMBER(AF2)),AF3/AF2-1,"") | AJ3: =IF(AND(AH3=1,INT($A3)=INT($A2),ISNUMBER(AG2)),AG3/AG2-1,"")
A4: 46286.41 | B4: 8.1599998 | C4: 356.23999 | D4: 1 | E4: =IF(AND(D4=1,INT($A4)=INT($A3),ISNUMBER(B3)),B4/B3-1,"") | F4: =IF(AND(D4=1,INT($A4)=INT($A3),ISNUMBER(C3)),C4/C3-1,"") | G4: 10.38 | H4: 335.71799 | I4: 1 | J4: =IF(AND(I4=1,INT($A4)=INT($A3),ISNUMBER(G3)),G4/G3-1,"") | K4: =IF(AND(I4=1,INT($A4)=INT($A3),ISNUMBER(H3)),H4/H3-1,"") | L4: 13.475 | M4: 704.03998 | N4: 1 | O4: =IF(AND(N4=1,INT($A4)=INT($A3),ISNUMBER(L3)),L4/L3-1,"") | P4: =IF(AND(N4=1,INT($A4)=INT($A3),ISNUMBER(M3)),M4/M3-1,"") | Q4: 10.435 | R4: 493.38 | S4: 1 | T4: =IF(AND(S4=1,INT($A4)=INT($A3),ISNUMBER(Q3)),Q4/Q3-1,"") | U4: =IF(AND(S4=1,INT($A4)=INT($A3),ISNUMBER(R3)),R4/R3-1,"") | V4: 8.5398998 | W4: 7700.5098 | X4: 1 | Y4: =IF(AND(X4=1,INT($A4)=INT($A3),ISNUMBER(V3)),V4/V3-1,"") | Z4: =IF(AND(X4=1,INT($A4)=INT($A3),ISNUMBER(W3)),W4/W3-1,"") | AA4: 8.6399002 | AB4: 253.908 | AC4: 1 | AD4: =IF(AND(AC4=1,INT($A4)=INT($A3),ISNUMBER(AA3)),AA4/AA3-1,"") | AE4: =IF(AND(AC4=1,INT($A4)=INT($A3),ISNUMBER(AB3)),AB4/AB3-1,"") | AF4: 5.0496001 | AG4: 179.19 | AH4: 1 | AI4: =IF(AND(AH4=1,INT($A4)=INT($A3),ISNUMBER(AF3)),AF4/AF3-1,"") | AJ4: =IF(AND(AH4=1,INT($A4)=INT($A3),ISNUMBER(AG3)),AG4/AG3-1,"")
A5: 46286.417 | B5: 8.1499996 | C5: 357.10999 | D5: 1 | E5: =IF(AND(D5=1,INT($A5)=INT($A4),ISNUMBER(B4)),B5/B4-1,"") | F5: =IF(AND(D5=1,INT($A5)=INT($A4),ISNUMBER(C4)),C5/C4-1,"") | G5: 10.3701 | H5: 335.92001 | I5: 1 | J5: =IF(AND(I5=1,INT($A5)=INT($A4),ISNUMBER(G4)),G5/G4-1,"") | K5: =IF(AND(I5=1,INT($A5)=INT($A4),ISNUMBER(H4)),H5/H4-1,"") | L5: 13.3399 | M5: 710.28998 | N5: 1 | O5: =IF(AND(N5=1,INT($A5)=INT($A4),ISNUMBER(L4)),L5/L4-1,"") | P5: =IF(AND(N5=1,INT($A5)=INT($A4),ISNUMBER(M4)),M5/M4-1,"") | Q5: 10.39 | R5: 495.38 | S5: 1 | T5: =IF(AND(S5=1,INT($A5)=INT($A4),ISNUMBER(Q4)),Q5/Q4-1,"") | U5: =IF(AND(S5=1,INT($A5)=INT($A4),ISNUMBER(R4)),R5/R4-1,"") | V5: 8.5305004 | W5: 7706.2402 | X5: 1 | Y5: =IF(AND(X5=1,INT($A5)=INT($A4),ISNUMBER(V4)),V5/V4-1,"") | Z5: =IF(AND(X5=1,INT($A5)=INT($A4),ISNUMBER(W4)),W5/W4-1,"") | AA5: 8.6149998 | AB5: 254.46001 | AC5: 1 | AD5: =IF(AND(AC5=1,INT($A5)=INT($A4),ISNUMBER(AA4)),AA5/AA4-1,"") | AE5: =IF(AND(AC5=1,INT($A5)=INT($A4),ISNUMBER(AB4)),AB5/AB4-1,"") | AF5: 4.98 | AG5: 181.31 | AH5: 1 | AI5: =IF(AND(AH5=1,INT($A5)=INT($A4),ISNUMBER(AF4)),AF5/AF4-1,"") | AJ5: =IF(AND(AH5=1,INT($A5)=INT($A4),ISNUMBER(AG4)),AG5/AG4-1,"")
A6: 46286.424 | B6: 8.1499996 | C6: 356.67001 | D6: 1 | E6: =IF(AND(D6=1,INT($A6)=INT($A5),ISNUMBER(B5)),B6/B5-1,"") | F6: =IF(AND(D6=1,INT($A6)=INT($A5),ISNUMBER(C5)),C6/C5-1,"") | G6: 10.3301 | H6: 337.16 | I6: 1 | J6: =IF(AND(I6=1,INT($A6)=INT($A5),ISNUMBER(G5)),G6/G5-1,"") | K6: =IF(AND(I6=1,INT($A6)=INT($A5),ISNUMBER(H5)),H6/H5-1,"") | L6: 13.2599 | M6: 714.07001 | N6: 1 | O6: =IF(AND(N6=1,INT($A6)=INT($A5),ISNUMBER(L5)),L6/L5-1,"") | P6: =IF(AND(N6=1,INT($A6)=INT($A5),ISNUMBER(M5)),M6/M5-1,"") | Q6: 10.39 | R6: 495.63501 | S6: 1 | T6: =IF(AND(S6=1,INT($A6)=INT($A5),ISNUMBER(Q5)),Q6/Q5-1,"") | U6: =IF(AND(S6=1,INT($A6)=INT($A5),ISNUMBER(R5)),R6/R5-1,"") | V6: 8.5299997 | W6: 7705.6602 | X6: 1 | Y6: =IF(AND(X6=1,INT($A6)=INT($A5),ISNUMBER(V5)),V6/V5-1,"") | Z6: =IF(AND(X6=1,INT($A6)=INT($A5),ISNUMBER(W5)),W6/W5-1,"") | AA6: 8.5300999 | AB6: 256.815 | AC6: 1 | AD6: =IF(AND(AC6=1,INT($A6)=INT($A5),ISNUMBER(AA5)),AA6/AA5-1,"") | AE6: =IF(AND(AC6=1,INT($A6)=INT($A5),ISNUMBER(AB5)),AB6/AB5-1,"") | AF6: 4.9850001 | AG6: 181.17999 | AH6: 1 | AI6: =IF(AND(AH6=1,INT($A6)=INT($A5),ISNUMBER(AF5)),AF6/AF5-1,"") | AJ6: =IF(AND(AH6=1,INT($A6)=INT($A5),ISNUMBER(AG5)),AG6/AG5-1,"")
A7: 46286.431 | B7: 8.1499996 | C7: 356.92999 | D7: 1 | E7: =IF(AND(D7=1,INT($A7)=INT($A6),ISNUMBER(B6)),B7/B6-1,"") | F7: =IF(AND(D7=1,INT($A7)=INT($A6),ISNUMBER(C6)),C7/C6-1,"") | G7: 10.33 | H7: 337.14999 | I7: 1 | J7: =IF(AND(I7=1,INT($A7)=INT($A6),ISNUMBER(G6)),G7/G6-1,"") | K7: =IF(AND(I7=1,INT($A7)=INT($A6),ISNUMBER(H6)),H7/H6-1,"") | L7: 13.3199 | M7: 711.56372 | N7: 1 | O7: =IF(AND(N7=1,INT($A7)=INT($A6),ISNUMBER(L6)),L7/L6-1,"") | P7: =IF(AND(N7=1,INT($A7)=INT($A6),ISNUMBER(M6)),M7/M6-1,"") | Q7: 10.4129 | R7: 494.51001 | S7: 1 | T7: =IF(AND(S7=1,INT($A7)=INT($A6),ISNUMBER(Q6)),Q7/Q6-1,"") | U7: =IF(AND(S7=1,INT($A7)=INT($A6),ISNUMBER(R6)),R7/R6-1,"") | V7: 8.5249996 | W7: 7713.6499 | X7: 1 | Y7: =IF(AND(X7=1,INT($A7)=INT($A6),ISNUMBER(V6)),V7/V6-1,"") | Z7: =IF(AND(X7=1,INT($A7)=INT($A6),ISNUMBER(W6)),W7/W6-1,"") | AA7: 8.5349998 | AB7: 256.565 | AC7: 1 | AD7: =IF(AND(AC7=1,INT($A7)=INT($A6),ISNUMBER(AA6)),AA7/AA6-1,"") | AE7: =IF(AND(AC7=1,INT($A7)=INT($A6),ISNUMBER(AB6)),AB7/AB6-1,"") | AF7: 4.9699001 | AG7: 181.63 | AH7: 1 | AI7: =IF(AND(AH7=1,INT($A7)=INT($A6),ISNUMBER(AF6)),AF7/AF6-1,"") | AJ7: =IF(AND(AH7=1,INT($A7)=INT($A6),ISNUMBER(AG6)),AG7/AG6-1,"")
A8: 46286.438 | B8: 8.1300001 | C8: 357.67499 | D8: 1 | E8: =IF(AND(D8=1,INT($A8)=INT($A7),ISNUMBER(B7)),B8/B7-1,"") | F8: =IF(AND(D8=1,INT($A8)=INT($A7),ISNUMBER(C7)),C8/C7-1,"") | G8: 10.3404 | H8: 336.94 | I8: 1 | J8: =IF(AND(I8=1,INT($A8)=INT($A7),ISNUMBER(G7)),G8/G7-1,"") | K8: =IF(AND(I8=1,INT($A8)=INT($A7),ISNUMBER(H7)),H8/H7-1,"") | L8: 13.3199 | M8: 711.77002 | N8: 1 | O8: =IF(AND(N8=1,INT($A8)=INT($A7),ISNUMBER(L7)),L8/L7-1,"") | P8: =IF(AND(N8=1,INT($A8)=INT($A7),ISNUMBER(M7)),M8/M7-1,"") | Q8: 10.4401 | R8: 493.47 | S8: 1 | T8: =IF(AND(S8=1,INT($A8)=INT($A7),ISNUMBER(Q7)),Q8/Q7-1,"") | U8: =IF(AND(S8=1,INT($A8)=INT($A7),ISNUMBER(R7)),R8/R7-1,"") | V8: 8.5100002 | W8: 7721.1802 | X8: 1 | Y8: =IF(AND(X8=1,INT($A8)=INT($A7),ISNUMBER(V7)),V8/V7-1,"") | Z8: =IF(AND(X8=1,INT($A8)=INT($A7),ISNUMBER(W7)),W8/W7-1,"") | AA8: 8.5649996 | AB8: 255.81 | AC8: 1 | AD8: =IF(AND(AC8=1,INT($A8)=INT($A7),ISNUMBER(AA7)),AA8/AA7-1,"") | AE8: =IF(AND(AC8=1,INT($A8)=INT($A7),ISNUMBER(AB7)),AB8/AB7-1,"") | AF8: 4.9650002 | AG8: 182.03 | AH8: 1 | AI8: =IF(AND(AH8=1,INT($A8)=INT($A7),ISNUMBER(AF7)),AF8/AF7-1,"") | AJ8: =IF(AND(AH8=1,INT($A8)=INT($A7),ISNUMBER(AG7)),AG8/AG7-1,"")
A9: 46286.444 | B9: 8.1300001 | C9: 357.76001 | D9: 1 | E9: =IF(AND(D9=1,INT($A9)=INT($A8),ISNUMBER(B8)),B9/B8-1,"") | F9: =IF(AND(D9=1,INT($A9)=INT($A8),ISNUMBER(C8)),C9/C8-1,"") | G9: 10.32 | H9: 337.79001 | I9: 1 | J9: =IF(AND(I9=1,INT($A9)=INT($A8),ISNUMBER(G8)),G9/G8-1,"") | K9: =IF(AND(I9=1,INT($A9)=INT($A8),ISNUMBER(H8)),H9/H8-1,"") | L9: 13.335 | M9: 710.40411 | N9: 1 | O9: =IF(AND(N9=1,INT($A9)=INT($A8),ISNUMBER(L8)),L9/L8-1,"") | P9: =IF(AND(N9=1,INT($A9)=INT($A8),ISNUMBER(M8)),M9/M8-1,"") | Q9: 10.445 | R9: 493.452 | S9: 1 | T9: =IF(AND(S9=1,INT($A9)=INT($A8),ISNUMBER(Q8)),Q9/Q8-1,"") | U9: =IF(AND(S9=1,INT($A9)=INT($A8),ISNUMBER(R8)),R9/R8-1,"") | V9: 8.5050001 | W9: 7722.71 | X9: 1 | Y9: =IF(AND(X9=1,INT($A9)=INT($A8),ISNUMBER(V8)),V9/V8-1,"") | Z9: =IF(AND(X9=1,INT($A9)=INT($A8),ISNUMBER(W8)),W9/W8-1,"") | AA9: 8.5649996 | AB9: 255.81 | AC9: 1 | AD9: =IF(AND(AC9=1,INT($A9)=INT($A8),ISNUMBER(AA8)),AA9/AA8-1,"") | AE9: =IF(AND(AC9=1,INT($A9)=INT($A8),ISNUMBER(AB8)),AB9/AB8-1,"") | AF9: 4.9650002 | AG9: 181.92 | AH9: 1 | AI9: =IF(AND(AH9=1,INT($A9)=INT($A8),ISNUMBER(AF8)),AF9/AF8-1,"") | AJ9: =IF(AND(AH9=1,INT($A9)=INT($A8),ISNUMBER(AG8)),AG9/AG8-1,"")
A10: 46286.451 | B10: 8.1300001 | C10: 357.75 | D10: 1 | E10: =IF(AND(D10=1,INT($A10)=INT($A9),ISNUMBER(B9)),B10/B9-1,"") | F10: =IF(AND(D10=1,INT($A10)=INT($A9),ISNUMBER(C9)),C10/C9-1,"") | G10: 10.3599 | H10: 336.51001 | I10: 1 | J10: =IF(AND(I10=1,INT($A10)=INT($A9),ISNUMBER(G9)),G10/G9-1,"") | K10: =IF(AND(I10=1,INT($A10)=INT($A9),ISNUMBER(H9)),H10/H9-1,"") | L10: 13.325 | M10: 710.48999 | N10: 1 | O10: =IF(AND(N10=1,INT($A10)=INT($A9),ISNUMBER(L9)),L10/L9-1,"") | P10: =IF(AND(N10=1,INT($A10)=INT($A9),ISNUMBER(M9)),M10/M9-1,"") | Q10: 10.44 | R10: 493.48001 | S10: 1 | T10: =IF(AND(S10=1,INT($A10)=INT($A9),ISNUMBER(Q9)),Q10/Q9-1,"") | U10: =IF(AND(S10=1,INT($A10)=INT($A9),ISNUMBER(R9)),R10/R9-1,"") | V10: 8.5100002 | W10: 7720.7598 | X10: 1 | Y10: =IF(AND(X10=1,INT($A10)=INT($A9),ISNUMBER(V9)),V10/V9-1,"") | Z10: =IF(AND(X10=1,INT($A10)=INT($A9),ISNUMBER(W9)),W10/W9-1,"") | AA10: 8.54 | AB10: 256.48999 | AC10: 1 | AD10: =IF(AND(AC10=1,INT($A10)=INT($A9),ISNUMBER(AA9)),AA10/AA9-1,"") | AE10: =IF(AND(AC10=1,INT($A10)=INT($A9),ISNUMBER(AB9)),AB10/AB9-1,"") | AF10: 4.9700999 | AG10: 181.935 | AH10: 1 | AI10: =IF(AND(AH10=1,INT($A10)=INT($A9),ISNUMBER(AF9)),AF10/AF9-1,"") | AJ10: =IF(AND(AH10=1,INT($A10)=INT($A9),ISNUMBER(AG9)),AG10/AG9-1,"")
A11: 46286.458 | B11: 8.1128998 | C11: 358.63 | D11: 1 | E11: =IF(AND(D11=1,INT($A11)=INT($A10),ISNUMBER(B10)),B11/B10-1,"") | F11: =IF(AND(D11=1,INT($A11)=INT($A10),ISNUMBER(C10)),C11/C10-1,"") | G11: 10.3401 | H11: 336.98001 | I11: 1 | J11: =IF(AND(I11=1,INT($A11)=INT($A10),ISNUMBER(G10)),G11/G10-1,"") | K11: =IF(AND(I11=1,INT($A11)=INT($A10),ISNUMBER(H10)),H11/H10-1,"") | L11: 13.39 | M11: 707.63501 | N11: 1 | O11: =IF(AND(N11=1,INT($A11)=INT($A10),ISNUMBER(L10)),L11/L10-1,"") | P11: =IF(AND(N11=1,INT($A11)=INT($A10),ISNUMBER(M10)),M11/M10-1,"") | Q11: 10.435 | R11: 493.57001 | S11: 1 | T11: =IF(AND(S11=1,INT($A11)=INT($A10),ISNUMBER(Q10)),Q11/Q10-1,"") | U11: =IF(AND(S11=1,INT($A11)=INT($A10),ISNUMBER(R10)),R11/R10-1,"") | V11: 8.5100002 | W11: 7722.4702 | X11: 1 | Y11: =IF(AND(X11=1,INT($A11)=INT($A10),ISNUMBER(V10)),V11/V10-1,"") | Z11: =IF(AND(X11=1,INT($A11)=INT($A10),ISNUMBER(W10)),W11/W10-1,"") | AA11: 8.5707998 | AB11: 255.62 | AC11: 1 | AD11: =IF(AND(AC11=1,INT($A11)=INT($A10),ISNUMBER(AA10)),AA11/AA10-1,"") | AE11: =IF(AND(AC11=1,INT($A11)=INT($A10),ISNUMBER(AB10)),AB11/AB10-1,"") | AF11: 4.9601002 | AG11: 181.858 | AH11: 1 | AI11: =IF(AND(AH11=1,INT($A11)=INT($A10),ISNUMBER(AF10)),AF11/AF10-1,"") | AJ11: =IF(AND(AH11=1,INT($A11)=INT($A10),ISNUMBER(AG10)),AG11/AG10-1,"")
A12: 46286.465 | B12: 8.1000004 | C12: 359 | D12: 1 | E12: =IF(AND(D12=1,INT($A12)=INT($A11),ISNUMBER(B11)),B12/B11-1,"") | F12: =IF(AND(D12=1,INT($A12)=INT($A11),ISNUMBER(C11)),C12/C11-1,"") | G12: 10.3399 | H12: 337.095 | I12: 1 | J12: =IF(AND(I12=1,INT($A12)=INT($A11),ISNUMBER(G11)),G12/G11-1,"") | K12: =IF(AND(I12=1,INT($A12)=INT($A11),ISNUMBER(H11)),H12/H11-1,"") | L12: 13.38 | M12: 708.22498 | N12: 1 | O12: =IF(AND(N12=1,INT($A12)=INT($A11),ISNUMBER(L11)),L12/L11-1,"") | P12: =IF(AND(N12=1,INT($A12)=INT($A11),ISNUMBER(M11)),M12/M11-1,"") | Q12: 10.45 | R12: 492.85999 | S12: 1 | T12: =IF(AND(S12=1,INT($A12)=INT($A11),ISNUMBER(Q11)),Q12/Q11-1,"") | U12: =IF(AND(S12=1,INT($A12)=INT($A11),ISNUMBER(R11)),R12/R11-1,"") | V12: 8.5050001 | W12: 7724.5801 | X12: 1 | Y12: =IF(AND(X12=1,INT($A12)=INT($A11),ISNUMBER(V11)),V12/V11-1,"") | Z12: =IF(AND(X12=1,INT($A12)=INT($A11),ISNUMBER(W11)),W12/W11-1,"") | AA12: 8.6049995 | AB12: 254.78 | AC12: 1 | AD12: =IF(AND(AC12=1,INT($A12)=INT($A11),ISNUMBER(AA11)),AA12/AA11-1,"") | AE12: =IF(AND(AC12=1,INT($A12)=INT($A11),ISNUMBER(AB11)),AB12/AB11-1,"") | AF12: 4.9601002 | AG12: 182.02 | AH12: 1 | AI12: =IF(AND(AH12=1,INT($A12)=INT($A11),ISNUMBER(AF11)),AF12/AF11-1,"") | AJ12: =IF(AND(AH12=1,INT($A12)=INT($A11),ISNUMBER(AG11)),AG12/AG11-1,"")
A13: 46286.472 | B13: 8.1049995 | C13: 358.82001 | D13: 1 | E13: =IF(AND(D13=1,INT($A13)=INT($A12),ISNUMBER(B12)),B13/B12-1,"") | F13: =IF(AND(D13=1,INT($A13)=INT($A12),ISNUMBER(C12)),C13/C12-1,"") | G13: 10.32 | H13: 337.63 | I13: 1 | J13: =IF(AND(I13=1,INT($A13)=INT($A12),ISNUMBER(G12)),G13/G12-1,"") | K13: =IF(AND(I13=1,INT($A13)=INT($A12),ISNUMBER(H12)),H13/H12-1,"") | L13: 13.31 | M13: 712.13049 | N13: 1 | O13: =IF(AND(N13=1,INT($A13)=INT($A12),ISNUMBER(L12)),L13/L12-1,"") | P13: =IF(AND(N13=1,INT($A13)=INT($A12),ISNUMBER(M12)),M13/M12-1,"") | Q13: 10.4499 | R13: 492.88 | S13: 1 | T13: =IF(AND(S13=1,INT($A13)=INT($A12),ISNUMBER(Q12)),Q13/Q12-1,"") | U13: =IF(AND(S13=1,INT($A13)=INT($A12),ISNUMBER(R12)),R13/R12-1,"") | V13: 8.5 | W13: 7730.23 | X13: 1 | Y13: =IF(AND(X13=1,INT($A13)=INT($A12),ISNUMBER(V12)),V13/V12-1,"") | Z13: =IF(AND(X13=1,INT($A13)=INT($A12),ISNUMBER(W12)),W13/W12-1,"") | AA13: 8.5799999 | AB13: 255.285 | AC13: 1 | AD13: =IF(AND(AC13=1,INT($A13)=INT($A12),ISNUMBER(AA12)),AA13/AA12-1,"") | AE13: =IF(AND(AC13=1,INT($A13)=INT($A12),ISNUMBER(AB12)),AB13/AB12-1,"") | AF13: 4.9699998 | AG13: 181.8588 | AH13: 1 | AI13: =IF(AND(AH13=1,INT($A13)=INT($A12),ISNUMBER(AF12)),AF13/AF12-1,"") | AJ13: =IF(AND(AH13=1,INT($A13)=INT($A12),ISNUMBER(AG12)),AG13/AG12-1,"")
A14: 46286.479 | B14: 8.1199999 | C14: 358.26001 | D14: 1 | E14: =IF(AND(D14=1,INT($A14)=INT($A13),ISNUMBER(B13)),B14/B13-1,"") | F14: =IF(AND(D14=1,INT($A14)=INT($A13),ISNUMBER(C13)),C14/C13-1,"") | G14: 10.34 | H14: 337.04001 | I14: 1 | J14: =IF(AND(I14=1,INT($A14)=INT($A13),ISNUMBER(G13)),G14/G13-1,"") | K14: =IF(AND(I14=1,INT($A14)=INT($A13),ISNUMBER(H13)),H14/H13-1,"") | L14: 13.275 | M14: 713.09998 | N14: 1 | O14: =IF(AND(N14=1,INT($A14)=INT($A13),ISNUMBER(L13)),L14/L13-1,"") | P14: =IF(AND(N14=1,INT($A14)=INT($A13),ISNUMBER(M13)),M14/M13-1,"") | Q14: 10.4703 | R14: 491.655 | S14: 1 | T14: =IF(AND(S14=1,INT($A14)=INT($A13),ISNUMBER(Q13)),Q14/Q13-1,"") | U14: =IF(AND(S14=1,INT($A14)=INT($A13),ISNUMBER(R13)),R14/R13-1,"") | V14: 8.5 | W14: 7728.8198 | X14: 1 | Y14: =IF(AND(X14=1,INT($A14)=INT($A13),ISNUMBER(V13)),V14/V13-1,"") | Z14: =IF(AND(X14=1,INT($A14)=INT($A13),ISNUMBER(W13)),W14/W13-1,"") | AA14: 8.5799999 | AB14: 255.37 | AC14: 1 | AD14: =IF(AND(AC14=1,INT($A14)=INT($A13),ISNUMBER(AA13)),AA14/AA13-1,"") | AE14: =IF(AND(AC14=1,INT($A14)=INT($A13),ISNUMBER(AB13)),AB14/AB13-1,"") | AF14: 4.9549999 | AG14: 182.10989 | AH14: 1 | AI14: =IF(AND(AH14=1,INT($A14)=INT($A13),ISNUMBER(AF13)),AF14/AF13-1,"") | AJ14: =IF(AND(AH14=1,INT($A14)=INT($A13),ISNUMBER(AG13)),AG14/AG13-1,"")
... A281: 46294.667 | B281: 8.1549997 | C281: 355.13 | D281: 1 | E281: =IF(AND(D281=1,INT($A281)=INT($A280),ISNUMBER(B280)),B281/B280-1,"") | F281: =IF(AND(D281=1,INT($A281)=INT($A280),ISNUMBER(C280)),C281/C280-1,"") | G281: 10.405 | H281: 329.59 | I281: 1 | J281: =IF(AND(I281=1,INT($A281)=INT($A280),ISNUMBER(G280)),G281/G280-1,"") | K281: =IF(AND(I281=1,INT($A281)=INT($A280),ISNUMBER(H280)),H281/H280-1,"") | L281: 12.585 | M281: 739.02002 | N281: 1 | O281: =IF(AND(N281=1,INT($A281)=INT($A280),ISNUMBER(L280)),L281/L280-1,"") | P281: =IF(AND(N281=1,INT($A281)=INT($A280),ISNUMBER(M280)),M281/M280-1,"") | Q281: 10.05 | R281: 509.04001 | S281: 1 | T281: =IF(AND(S281=1,INT($A281)=INT($A280),ISNUMBER(Q280)),Q281/Q280-1,"") | U281: =IF(AND(S281=1,INT($A281)=INT($A280),ISNUMBER(R280)),R281/R280-1,"") | V281: 8.4700003 | W281: 7671.8501 | X281: 1 | Y281: =IF(AND(X281=1,INT($A281)=INT($A280),ISNUMBER(V280)),V281/V280-1,"") | Z281: =IF(AND(X281=1,INT($A281)=INT($A280),ISNUMBER(W280)),W281/W280-1,"") | AA281: 8.8400002 | AB281: 246.69501 | AC281: 1 | AD281: =IF(AND(AC281=1,INT($A281)=INT($A280),ISNUMBER(AA280)),AA281/AA280-1,"") | AE281: =IF(AND(AC281=1,INT($A281)=INT($A280),ISNUMBER(AB280)),AB281/AB280-1,"") | AF281: 4.7849998 | AG281: 186.97 | AH281: 1 | AI281: =IF(AND(AH281=1,INT($A281)=INT($A280),ISNUMBER(AF280)),AF281/AF280-1,"") | AJ281: =IF(AND(AH281=1,INT($A281)=INT($A280),ISNUMBER(AG280)),AG281/AG280-1,"")

Sheet R15
A1: Time | B1: AVS | C1: AVGO | D1: AVS both traded | E1: AVS return | F1: AVGO return | G1: AAPD | H1: AAPL | I1: AAPD both traded | J1: AAPD return | K1: AAPL return | L1: METD | M1: META | N1: METD both traded | O1: METD return | P1: META return | Q1: MSFD | R1: MSFT | S1: MSFD both traded | T1: MSFD return | U1: MSFT return | V1: SPDN | W1: SPX | X1: SPDN both traded | Y1: SPDN return | Z1: SPX return | AA1: AMZD | AB1: AMZN | AC1: AMZD both traded | AD1: AMZD return | AE1: AMZN return | AF1: PLTD | AG1: PLTR | AH1: PLTD both traded | AI1: PLTD return | AJ1: PLTR return
A2: 46286.396 | B2: 8.1149998 | C2: 356.04001 | D2: 1 | G2: 10.44 | H2: 334.01501 | I2: 1 | L2: 13.8 | M2: 690.19 | N2: 1 | Q2: 10.41 | R2: 494.53 | S2: 1 | V2: 8.5494003 | W2: 7695.7402 | X2: 1 | AA2: 8.5499001 | AB2: 256.38 | AC2: 1 | AF2: 5.0500002 | AG2: 178.8501 | AH2: 1
A3: 46286.406 | B3: 8.1400003 | C3: 357.53 | D3: 1 | E3: =IF(AND(D3=1,INT($A3)=INT($A2),ISNUMBER(B2)),B3/B2-1,"") | F3: =IF(AND(D3=1,INT($A3)=INT($A2),ISNUMBER(C2)),C3/C2-1,"") | G3: 10.4308 | H3: 334.26001 | I3: 1 | J3: =IF(AND(I3=1,INT($A3)=INT($A2),ISNUMBER(G2)),G3/G2-1,"") | K3: =IF(AND(I3=1,INT($A3)=INT($A2),ISNUMBER(H2)),H3/H2-1,"") | L3: 13.4 | M3: 707.12 | N3: 1 | O3: =IF(AND(N3=1,INT($A3)=INT($A2),ISNUMBER(L2)),L3/L2-1,"") | P3: =IF(AND(N3=1,INT($A3)=INT($A2),ISNUMBER(M2)),M3/M2-1,"") | Q3: 10.44 | R3: 493.64499 | S3: 1 | T3: =IF(AND(S3=1,INT($A3)=INT($A2),ISNUMBER(Q2)),Q3/Q2-1,"") | U3: =IF(AND(S3=1,INT($A3)=INT($A2),ISNUMBER(R2)),R3/R2-1,"") | V3: 8.5349998 | W3: 7701.6699 | X3: 1 | Y3: =IF(AND(X3=1,INT($A3)=INT($A2),ISNUMBER(V2)),V3/V2-1,"") | Z3: =IF(AND(X3=1,INT($A3)=INT($A2),ISNUMBER(W2)),W3/W2-1,"") | AA3: 8.5999002 | AB3: 254.55 | AC3: 1 | AD3: =IF(AND(AC3=1,INT($A3)=INT($A2),ISNUMBER(AA2)),AA3/AA2-1,"") | AE3: =IF(AND(AC3=1,INT($A3)=INT($A2),ISNUMBER(AB2)),AB3/AB2-1,"") | AF3: 5.0700998 | AG3: 178.8 | AH3: 1 | AI3: =IF(AND(AH3=1,INT($A3)=INT($A2),ISNUMBER(AF2)),AF3/AF2-1,"") | AJ3: =IF(AND(AH3=1,INT($A3)=INT($A2),ISNUMBER(AG2)),AG3/AG2-1,"")
A4: 46286.417 | B4: 8.1499996 | C4: 357.10999 | D4: 1 | E4: =IF(AND(D4=1,INT($A4)=INT($A3),ISNUMBER(B3)),B4/B3-1,"") | F4: =IF(AND(D4=1,INT($A4)=INT($A3),ISNUMBER(C3)),C4/C3-1,"") | G4: 10.3701 | H4: 335.92001 | I4: 1 | J4: =IF(AND(I4=1,INT($A4)=INT($A3),ISNUMBER(G3)),G4/G3-1,"") | K4: =IF(AND(I4=1,INT($A4)=INT($A3),ISNUMBER(H3)),H4/H3-1,"") | L4: 13.3399 | M4: 710.28998 | N4: 1 | O4: =IF(AND(N4=1,INT($A4)=INT($A3),ISNUMBER(L3)),L4/L3-1,"") | P4: =IF(AND(N4=1,INT($A4)=INT($A3),ISNUMBER(M3)),M4/M3-1,"") | Q4: 10.39 | R4: 495.38 | S4: 1 | T4: =IF(AND(S4=1,INT($A4)=INT($A3),ISNUMBER(Q3)),Q4/Q3-1,"") | U4: =IF(AND(S4=1,INT($A4)=INT($A3),ISNUMBER(R3)),R4/R3-1,"") | V4: 8.5305004 | W4: 7706.2402 | X4: 1 | Y4: =IF(AND(X4=1,INT($A4)=INT($A3),ISNUMBER(V3)),V4/V3-1,"") | Z4: =IF(AND(X4=1,INT($A4)=INT($A3),ISNUMBER(W3)),W4/W3-1,"") | AA4: 8.6149998 | AB4: 254.46001 | AC4: 1 | AD4: =IF(AND(AC4=1,INT($A4)=INT($A3),ISNUMBER(AA3)),AA4/AA3-1,"") | AE4: =IF(AND(AC4=1,INT($A4)=INT($A3),ISNUMBER(AB3)),AB4/AB3-1,"") | AF4: 4.98 | AG4: 181.31 | AH4: 1 | AI4: =IF(AND(AH4=1,INT($A4)=INT($A3),ISNUMBER(AF3)),AF4/AF3-1,"") | AJ4: =IF(AND(AH4=1,INT($A4)=INT($A3),ISNUMBER(AG3)),AG4/AG3-1,"")
A5: 46286.427 | B5: 8.1499004 | C5: 356.97 | D5: 1 | E5: =IF(AND(D5=1,INT($A5)=INT($A4),ISNUMBER(B4)),B5/B4-1,"") | F5: =IF(AND(D5=1,INT($A5)=INT($A4),ISNUMBER(C4)),C5/C4-1,"") | G5: 10.35 | H5: 336.63 | I5: 1 | J5: =IF(AND(I5=1,INT($A5)=INT($A4),ISNUMBER(G4)),G5/G4-1,"") | K5: =IF(AND(I5=1,INT($A5)=INT($A4),ISNUMBER(H4)),H5/H4-1,"") | L5: 13.25 | M5: 715 | N5: 1 | O5: =IF(AND(N5=1,INT($A5)=INT($A4),ISNUMBER(L4)),L5/L4-1,"") | P5: =IF(AND(N5=1,INT($A5)=INT($A4),ISNUMBER(M4)),M5/M4-1,"") | Q5: 10.39 | R5: 495.63501 | S5: 1 | T5: =IF(AND(S5=1,INT($A5)=INT($A4),ISNUMBER(Q4)),Q5/Q4-1,"") | U5: =IF(AND(S5=1,INT($A5)=INT($A4),ISNUMBER(R4)),R5/R4-1,"") | V5: 8.5298996 | W5: 7709.4399 | X5: 1 | Y5: =IF(AND(X5=1,INT($A5)=INT($A4),ISNUMBER(V4)),V5/V4-1,"") | Z5: =IF(AND(X5=1,INT($A5)=INT($A4),ISNUMBER(W4)),W5/W4-1,"") | AA5: 8.5403004 | AB5: 256.55499 | AC5: 1 | AD5: =IF(AND(AC5=1,INT($A5)=INT($A4),ISNUMBER(AA4)),AA5/AA4-1,"") | AE5: =IF(AND(AC5=1,INT($A5)=INT($A4),ISNUMBER(AB4)),AB5/AB4-1,"") | AF5: 4.9801002 | AG5: 181.28999 | AH5: 1 | AI5: =IF(AND(AH5=1,INT($A5)=INT($A4),ISNUMBER(AF4)),AF5/AF4-1,"") | AJ5: =IF(AND(AH5=1,INT($A5)=INT($A4),ISNUMBER(AG4)),AG5/AG4-1,"")
A6: 46286.438 | B6: 8.1300001 | C6: 357.67499 | D6: 1 | E6: =IF(AND(D6=1,INT($A6)=INT($A5),ISNUMBER(B5)),B6/B5-1,"") | F6: =IF(AND(D6=1,INT($A6)=INT($A5),ISNUMBER(C5)),C6/C5-1,"") | G6: 10.3404 | H6: 336.94 | I6: 1 | J6: =IF(AND(I6=1,INT($A6)=INT($A5),ISNUMBER(G5)),G6/G5-1,"") | K6: =IF(AND(I6=1,INT($A6)=INT($A5),ISNUMBER(H5)),H6/H5-1,"") | L6: 13.3199 | M6: 711.77002 | N6: 1 | O6: =IF(AND(N6=1,INT($A6)=INT($A5),ISNUMBER(L5)),L6/L5-1,"") | P6: =IF(AND(N6=1,INT($A6)=INT($A5),ISNUMBER(M5)),M6/M5-1,"") | Q6: 10.4401 | R6: 493.47 | S6: 1 | T6: =IF(AND(S6=1,INT($A6)=INT($A5),ISNUMBER(Q5)),Q6/Q5-1,"") | U6: =IF(AND(S6=1,INT($A6)=INT($A5),ISNUMBER(R5)),R6/R5-1,"") | V6: 8.5100002 | W6: 7721.1802 | X6: 1 | Y6: =IF(AND(X6=1,INT($A6)=INT($A5),ISNUMBER(V5)),V6/V5-1,"") | Z6: =IF(AND(X6=1,INT($A6)=INT($A5),ISNUMBER(W5)),W6/W5-1,"") | AA6: 8.5649996 | AB6: 255.81 | AC6: 1 | AD6: =IF(AND(AC6=1,INT($A6)=INT($A5),ISNUMBER(AA5)),AA6/AA5-1,"") | AE6: =IF(AND(AC6=1,INT($A6)=INT($A5),ISNUMBER(AB5)),AB6/AB5-1,"") | AF6: 4.9650002 | AG6: 182.03 | AH6: 1 | AI6: =IF(AND(AH6=1,INT($A6)=INT($A5),ISNUMBER(AF5)),AF6/AF5-1,"") | AJ6: =IF(AND(AH6=1,INT($A6)=INT($A5),ISNUMBER(AG5)),AG6/AG5-1,"")
A7: 46286.448 | B7: 8.1400003 | C7: 357.26999 | D7: 1 | E7: =IF(AND(D7=1,INT($A7)=INT($A6),ISNUMBER(B6)),B7/B6-1,"") | F7: =IF(AND(D7=1,INT($A7)=INT($A6),ISNUMBER(C6)),C7/C6-1,"") | G7: 10.35 | H7: 336.73999 | I7: 1 | J7: =IF(AND(I7=1,INT($A7)=INT($A6),ISNUMBER(G6)),G7/G6-1,"") | K7: =IF(AND(I7=1,INT($A7)=INT($A6),ISNUMBER(H6)),H7/H6-1,"") | L7: 13.375 | M7: 708.72498 | N7: 1 | O7: =IF(AND(N7=1,INT($A7)=INT($A6),ISNUMBER(L6)),L7/L6-1,"") | P7: =IF(AND(N7=1,INT($A7)=INT($A6),ISNUMBER(M6)),M7/M6-1,"") | Q7: 10.4401 | R7: 493.28751 | S7: 1 | T7: =IF(AND(S7=1,INT($A7)=INT($A6),ISNUMBER(Q6)),Q7/Q6-1,"") | U7: =IF(AND(S7=1,INT($A7)=INT($A6),ISNUMBER(R6)),R7/R6-1,"") | V7: 8.5150003 | W7: 7718.2402 | X7: 1 | Y7: =IF(AND(X7=1,INT($A7)=INT($A6),ISNUMBER(V6)),V7/V6-1,"") | Z7: =IF(AND(X7=1,INT($A7)=INT($A6),ISNUMBER(W6)),W7/W6-1,"") | AA7: 8.5649996 | AB7: 255.935 | AC7: 1 | AD7: =IF(AND(AC7=1,INT($A7)=INT($A6),ISNUMBER(AA6)),AA7/AA6-1,"") | AE7: =IF(AND(AC7=1,INT($A7)=INT($A6),ISNUMBER(AB6)),AB7/AB6-1,"") | AF7: 4.9638 | AG7: 181.95399 | AH7: 1 | AI7: =IF(AND(AH7=1,INT($A7)=INT($A6),ISNUMBER(AF6)),AF7/AF6-1,"") | AJ7: =IF(AND(AH7=1,INT($A7)=INT($A6),ISNUMBER(AG6)),AG7/AG6-1,"")
A8: 46286.458 | B8: 8.1128998 | C8: 358.63 | D8: 1 | E8: =IF(AND(D8=1,INT($A8)=INT($A7),ISNUMBER(B7)),B8/B7-1,"") | F8: =IF(AND(D8=1,INT($A8)=INT($A7),ISNUMBER(C7)),C8/C7-1,"") | G8: 10.3401 | H8: 336.98001 | I8: 1 | J8: =IF(AND(I8=1,INT($A8)=INT($A7),ISNUMBER(G7)),G8/G7-1,"") | K8: =IF(AND(I8=1,INT($A8)=INT($A7),ISNUMBER(H7)),H8/H7-1,"") | L8: 13.39 | M8: 707.63501 | N8: 1 | O8: =IF(AND(N8=1,INT($A8)=INT($A7),ISNUMBER(L7)),L8/L7-1,"") | P8: =IF(AND(N8=1,INT($A8)=INT($A7),ISNUMBER(M7)),M8/M7-1,"") | Q8: 10.435 | R8: 493.57001 | S8: 1 | T8: =IF(AND(S8=1,INT($A8)=INT($A7),ISNUMBER(Q7)),Q8/Q7-1,"") | U8: =IF(AND(S8=1,INT($A8)=INT($A7),ISNUMBER(R7)),R8/R7-1,"") | V8: 8.5100002 | W8: 7722.4702 | X8: 1 | Y8: =IF(AND(X8=1,INT($A8)=INT($A7),ISNUMBER(V7)),V8/V7-1,"") | Z8: =IF(AND(X8=1,INT($A8)=INT($A7),ISNUMBER(W7)),W8/W7-1,"") | AA8: 8.5707998 | AB8: 255.62 | AC8: 1 | AD8: =IF(AND(AC8=1,INT($A8)=INT($A7),ISNUMBER(AA7)),AA8/AA7-1,"") | AE8: =IF(AND(AC8=1,INT($A8)=INT($A7),ISNUMBER(AB7)),AB8/AB7-1,"") | AF8: 4.9601002 | AG8: 181.858 | AH8: 1 | AI8: =IF(AND(AH8=1,INT($A8)=INT($A7),ISNUMBER(AF7)),AF8/AF7-1,"") | AJ8: =IF(AND(AH8=1,INT($A8)=INT($A7),ISNUMBER(AG7)),AG8/AG7-1,"")
A9: 46286.469 | B9: 8.1049995 | C9: 358.70001 | D9: 1 | E9: =IF(AND(D9=1,INT($A9)=INT($A8),ISNUMBER(B8)),B9/B8-1,"") | F9: =IF(AND(D9=1,INT($A9)=INT($A8),ISNUMBER(C8)),C9/C8-1,"") | G9: 10.335 | H9: 337.3501 | I9: 1 | J9: =IF(AND(I9=1,INT($A9)=INT($A8),ISNUMBER(G8)),G9/G8-1,"") | K9: =IF(AND(I9=1,INT($A9)=INT($A8),ISNUMBER(H8)),H9/H8-1,"") | L9: 13.3201 | M9: 711.46997 | N9: 1 | O9: =IF(AND(N9=1,INT($A9)=INT($A8),ISNUMBER(L8)),L9/L8-1,"") | P9: =IF(AND(N9=1,INT($A9)=INT($A8),ISNUMBER(M8)),M9/M8-1,"") | Q9: 10.45 | R9: 492.8847 | S9: 1 | T9: =IF(AND(S9=1,INT($A9)=INT($A8),ISNUMBER(Q8)),Q9/Q8-1,"") | U9: =IF(AND(S9=1,INT($A9)=INT($A8),ISNUMBER(R8)),R9/R8-1,"") | V9: 8.5050001 | W9: 7728.0801 | X9: 1 | Y9: =IF(AND(X9=1,INT($A9)=INT($A8),ISNUMBER(V8)),V9/V8-1,"") | Z9: =IF(AND(X9=1,INT($A9)=INT($A8),ISNUMBER(W8)),W9/W8-1,"") | AA9: 8.5900002 | AB9: 255.22189 | AC9: 1 | AD9: =IF(AND(AC9=1,INT($A9)=INT($A8),ISNUMBER(AA8)),AA9/AA8-1,"") | AE9: =IF(AND(AC9=1,INT($A9)=INT($A8),ISNUMBER(AB8)),AB9/AB8-1,"") | AF9: 4.9601002 | AG9: 181.935 | AH9: 1 | AI9: =IF(AND(AH9=1,INT($A9)=INT($A8),ISNUMBER(AF8)),AF9/AF8-1,"") | AJ9: =IF(AND(AH9=1,INT($A9)=INT($A8),ISNUMBER(AG8)),AG9/AG8-1,"")
A10: 46286.479 | B10: 8.1199999 | C10: 358.26001 | D10: 1 | E10: =IF(AND(D10=1,INT($A10)=INT($A9),ISNUMBER(B9)),B10/B9-1,"") | F10: =IF(AND(D10=1,INT($A10)=INT($A9),ISNUMBER(C9)),C10/C9-1,"") | G10: 10.34 | H10: 337.04001 | I10: 1 | J10: =IF(AND(I10=1,INT($A10)=INT($A9),ISNUMBER(G9)),G10/G9-1,"") | K10: =IF(AND(I10=1,INT($A10)=INT($A9),ISNUMBER(H9)),H10/H9-1,"") | L10: 13.275 | M10: 713.09998 | N10: 1 | O10: =IF(AND(N10=1,INT($A10)=INT($A9),ISNUMBER(L9)),L10/L9-1,"") | P10: =IF(AND(N10=1,INT($A10)=INT($A9),ISNUMBER(M9)),M10/M9-1,"") | Q10: 10.4703 | R10: 491.655 | S10: 1 | T10: =IF(AND(S10=1,INT($A10)=INT($A9),ISNUMBER(Q9)),Q10/Q9-1,"") | U10: =IF(AND(S10=1,INT($A10)=INT($A9),ISNUMBER(R9)),R10/R9-1,"") | V10: 8.5 | W10: 7728.8198 | X10: 1 | Y10: =IF(AND(X10=1,INT($A10)=INT($A9),ISNUMBER(V9)),V10/V9-1,"") | Z10: =IF(AND(X10=1,INT($A10)=INT($A9),ISNUMBER(W9)),W10/W9-1,"") | AA10: 8.5799999 | AB10: 255.37 | AC10: 1 | AD10: =IF(AND(AC10=1,INT($A10)=INT($A9),ISNUMBER(AA9)),AA10/AA9-1,"") | AE10: =IF(AND(AC10=1,INT($A10)=INT($A9),ISNUMBER(AB9)),AB10/AB9-1,"") | AF10: 4.9549999 | AG10: 182.10989 | AH10: 1 | AI10: =IF(AND(AH10=1,INT($A10)=INT($A9),ISNUMBER(AF9)),AF10/AF9-1,"") | AJ10: =IF(AND(AH10=1,INT($A10)=INT($A9),ISNUMBER(AG9)),AG10/AG9-1,"")
A11: 46286.49 | B11: 8.1149998 | C11: 358.54501 | D11: 1 | E11: =IF(AND(D11=1,INT($A11)=INT($A10),ISNUMBER(B10)),B11/B10-1,"") | F11: =IF(AND(D11=1,INT($A11)=INT($A10),ISNUMBER(C10)),C11/C10-1,"") | G11: 10.315 | H11: 338 | I11: 1 | J11: =IF(AND(I11=1,INT($A11)=INT($A10),ISNUMBER(G10)),G11/G10-1,"") | K11: =IF(AND(I11=1,INT($A11)=INT($A10),ISNUMBER(H10)),H11/H10-1,"") | L11: 13.1599 | M11: 718.995 | N11: 1 | O11: =IF(AND(N11=1,INT($A11)=INT($A10),ISNUMBER(L10)),L11/L10-1,"") | P11: =IF(AND(N11=1,INT($A11)=INT($A10),ISNUMBER(M10)),M11/M10-1,"") | Q11: 10.45 | R11: 493.0499 | S11: 1 | T11: =IF(AND(S11=1,INT($A11)=INT($A10),ISNUMBER(Q10)),Q11/Q10-1,"") | U11: =IF(AND(S11=1,INT($A11)=INT($A10),ISNUMBER(R10)),R11/R10-1,"") | V11: 8.4949999 | W11: 7737.1699 | X11: 1 | Y11: =IF(AND(X11=1,INT($A11)=INT($A10),ISNUMBER(V10)),V11/V10-1,"") | Z11: =IF(AND(X11=1,INT($A11)=INT($A10),ISNUMBER(W10)),W11/W10-1,"") | AA11: 8.5600996 | AB11: 256.1897 | AC11: 1 | AD11: =IF(AND(AC11=1,INT($A11)=INT($A10),ISNUMBER(AA10)),AA11/AA10-1,"") | AE11: =IF(AND(AC11=1,INT($A11)=INT($A10),ISNUMBER(AB10)),AB11/AB10-1,"") | AF11: 4.9549999 | AG11: 182.3251 | AH11: 1 | AI11: =IF(AND(AH11=1,INT($A11)=INT($A10),ISNUMBER(AF10)),AF11/AF10-1,"") | AJ11: =IF(AND(AH11=1,INT($A11)=INT($A10),ISNUMBER(AG10)),AG11/AG10-1,"")
A12: 46286.5 | B12: 8.1300001 | C12: 357.95999 | D12: 1 | E12: =IF(AND(D12=1,INT($A12)=INT($A11),ISNUMBER(B11)),B12/B11-1,"") | F12: =IF(AND(D12=1,INT($A12)=INT($A11),ISNUMBER(C11)),C12/C11-1,"") | G12: 10.32 | H12: 337.89001 | I12: 1 | J12: =IF(AND(I12=1,INT($A12)=INT($A11),ISNUMBER(G11)),G12/G11-1,"") | K12: =IF(AND(I12=1,INT($A12)=INT($A11),ISNUMBER(H11)),H12/H11-1,"") | L12: 13.09 | M12: 722.19 | N12: 1 | O12: =IF(AND(N12=1,INT($A12)=INT($A11),ISNUMBER(L11)),L12/L11-1,"") | P12: =IF(AND(N12=1,INT($A12)=INT($A11),ISNUMBER(M11)),M12/M11-1,"") | Q12: 10.4301 | R12: 493.98999 | S12: 1 | T12: =IF(AND(S12=1,INT($A12)=INT($A11),ISNUMBER(Q11)),Q12/Q11-1,"") | U12: =IF(AND(S12=1,INT($A12)=INT($A11),ISNUMBER(R11)),R12/R11-1,"") | V12: 8.4949999 | W12: 7736.5801 | X12: 1 | Y12: =IF(AND(X12=1,INT($A12)=INT($A11),ISNUMBER(V11)),V12/V11-1,"") | Z12: =IF(AND(X12=1,INT($A12)=INT($A11),ISNUMBER(W11)),W12/W11-1,"") | AA12: 8.5600004 | AB12: 255.78999 | AC12: 1 | AD12: =IF(AND(AC12=1,INT($A12)=INT($A11),ISNUMBER(AA11)),AA12/AA11-1,"") | AE12: =IF(AND(AC12=1,INT($A12)=INT($A11),ISNUMBER(AB11)),AB12/AB11-1,"") | AF12: 4.9598999 | AG12: 182.07001 | AH12: 1 | AI12: =IF(AND(AH12=1,INT($A12)=INT($A11),ISNUMBER(AF11)),AF12/AF11-1,"") | AJ12: =IF(AND(AH12=1,INT($A12)=INT($A11),ISNUMBER(AG11)),AG12/AG11-1,"")
A13: 46286.51 | B13: 8.0901003 | C13: 359.41 | D13: 1 | E13: =IF(AND(D13=1,INT($A13)=INT($A12),ISNUMBER(B12)),B13/B12-1,"") | F13: =IF(AND(D13=1,INT($A13)=INT($A12),ISNUMBER(C12)),C13/C12-1,"") | G13: 10.2971 | H13: 338.59 | I13: 1 | J13: =IF(AND(I13=1,INT($A13)=INT($A12),ISNUMBER(G12)),G13/G12-1,"") | K13: =IF(AND(I13=1,INT($A13)=INT($A12),ISNUMBER(H12)),H13/H12-1,"") | L13: 13 | M13: 726.21997 | N13: 1 | O13: =IF(AND(N13=1,INT($A13)=INT($A12),ISNUMBER(L12)),L13/L12-1,"") | P13: =IF(AND(N13=1,INT($A13)=INT($A12),ISNUMBER(M12)),M13/M12-1,"") | Q13: 10.4301 | R13: 493.98999 | S13: 0 | T13: =IF(AND(S13=1,INT($A13)=INT($A12),ISNUMBER(Q12)),Q13/Q12-1,"") | U13: =IF(AND(S13=1,INT($A13)=INT($A12),ISNUMBER(R12)),R13/R12-1,"") | V13: 8.4799995 | W13: 7747.5098 | X13: 1 | Y13: =IF(AND(X13=1,INT($A13)=INT($A12),ISNUMBER(V12)),V13/V12-1,"") | Z13: =IF(AND(X13=1,INT($A13)=INT($A12),ISNUMBER(W12)),W13/W12-1,"") | AA13: 8.5299997 | AB13: 256.67001 | AC13: 1 | AD13: =IF(AND(AC13=1,INT($A13)=INT($A12),ISNUMBER(AA12)),AA13/AA12-1,"") | AE13: =IF(AND(AC13=1,INT($A13)=INT($A12),ISNUMBER(AB12)),AB13/AB12-1,"") | AF13: 4.9408998 | AG13: 182.495 | AH13: 1 | AI13: =IF(AND(AH13=1,INT($A13)=INT($A12),ISNUMBER(AF12)),AF13/AF12-1,"") | AJ13: =IF(AND(AH13=1,INT($A13)=INT($A12),ISNUMBER(AG12)),AG13/AG12-1,"")
A14: 46286.521 | B14: 8.0600996 | C14: 360.85001 | D14: 1 | E14: =IF(AND(D14=1,INT($A14)=INT($A13),ISNUMBER(B13)),B14/B13-1,"") | F14: =IF(AND(D14=1,INT($A14)=INT($A13),ISNUMBER(C13)),C14/C13-1,"") | G14: 10.2958 | H14: 338.66 | I14: 1 | J14: =IF(AND(I14=1,INT($A14)=INT($A13),ISNUMBER(G13)),G14/G13-1,"") | K14: =IF(AND(I14=1,INT($A14)=INT($A13),ISNUMBER(H13)),H14/H13-1,"") | L14: 12.97 | M14: 727.685 | N14: 1 | O14: =IF(AND(N14=1,INT($A14)=INT($A13),ISNUMBER(L13)),L14/L13-1,"") | P14: =IF(AND(N14=1,INT($A14)=INT($A13),ISNUMBER(M13)),M14/M13-1,"") | Q14: 10.4302 | R14: 493.97501 | S14: 1 | T14: =IF(AND(S14=1,INT($A14)=INT($A13),ISNUMBER(Q13)),Q14/Q13-1,"") | U14: =IF(AND(S14=1,INT($A14)=INT($A13),ISNUMBER(R13)),R14/R13-1,"") | V14: 8.4849997 | W14: 7748.9102 | X14: 1 | Y14: =IF(AND(X14=1,INT($A14)=INT($A13),ISNUMBER(V13)),V14/V13-1,"") | Z14: =IF(AND(X14=1,INT($A14)=INT($A13),ISNUMBER(W13)),W14/W13-1,"") | AA14: 8.5 | AB14: 257.86499 | AC14: 1 | AD14: =IF(AND(AC14=1,INT($A14)=INT($A13),ISNUMBER(AA13)),AA14/AA13-1,"") | AE14: =IF(AND(AC14=1,INT($A14)=INT($A13),ISNUMBER(AB13)),AB14/AB13-1,"") | AF14: 4.9349999 | AG14: 182.92 | AH14: 1 | AI14: =IF(AND(AH14=1,INT($A14)=INT($A13),ISNUMBER(AF13)),AF14/AF13-1,"") | AJ14: =IF(AND(AH14=1,INT($A14)=INT($A13),ISNUMBER(AG13)),AG14/AG13-1,"")
... A190: 46294.667 | B190: 8.1549997 | C190: 355.13 | D190: 1 | E190: =IF(AND(D190=1,INT($A190)=INT($A189),ISNUMBER(B189)),B190/B189-1,"") | F190: =IF(AND(D190=1,INT($A190)=INT($A189),ISNUMBER(C189)),C190/C189-1,"") | G190: 10.405 | H190: 329.59 | I190: 1 | J190: =IF(AND(I190=1,INT($A190)=INT($A189),ISNUMBER(G189)),G190/G189-1,"") | K190: =IF(AND(I190=1,INT($A190)=INT($A189),ISNUMBER(H189)),H190/H189-1,"") | L190: 12.585 | M190: 739.02002 | N190: 1 | O190: =IF(AND(N190=1,INT($A190)=INT($A189),ISNUMBER(L189)),L190/L189-1,"") | P190: =IF(AND(N190=1,INT($A190)=INT($A189),ISNUMBER(M189)),M190/M189-1,"") | Q190: 10.05 | R190: 509.04001 | S190: 1 | T190: =IF(AND(S190=1,INT($A190)=INT($A189),ISNUMBER(Q189)),Q190/Q189-1,"") | U190: =IF(AND(S190=1,INT($A190)=INT($A189),ISNUMBER(R189)),R190/R189-1,"") | V190: 8.4700003 | W190: 7671.8501 | X190: 1 | Y190: =IF(AND(X190=1,INT($A190)=INT($A189),ISNUMBER(V189)),V190/V189-1,"") | Z190: =IF(AND(X190=1,INT($A190)=INT($A189),ISNUMBER(W189)),W190/W189-1,"") | AA190: 8.8400002 | AB190: 246.69501 | AC190: 1 | AD190: =IF(AND(AC190=1,INT($A190)=INT($A189),ISNUMBER(AA189)),AA190/AA189-1,"") | AE190: =IF(AND(AC190=1,INT($A190)=INT($A189),ISNUMBER(AB189)),AB190/AB189-1,"") | AF190: 4.7849998 | AG190: 186.97 | AH190: 1 | AI190: =IF(AND(AH190=1,INT($A190)=INT($A189),ISNUMBER(AF189)),AF190/AF189-1,"") | AJ190: =IF(AND(AH190=1,INT($A190)=INT($A189),ISNUMBER(AG189)),AG190/AG189-1,"")

Sheet R30
A1: Time | B1: AVS | C1: AVGO | D1: AVS both traded | E1: AVS return | F1: AVGO return | G1: AAPD | H1: AAPL | I1: AAPD both traded | J1: AAPD return | K1: AAPL return | L1: METD | M1: META | N1: METD both traded | O1: METD return | P1: META return | Q1: MSFD | R1: MSFT | S1: MSFD both traded | T1: MSFD return | U1: MSFT return | V1: SPDN | W1: SPX | X1: SPDN both traded | Y1: SPDN return | Z1: SPX return | AA1: AMZD | AB1: AMZN | AC1: AMZD both traded | AD1: AMZD return | AE1: AMZN return | AF1: PLTD | AG1: PLTR | AH1: PLTD both traded | AI1: PLTD return | AJ1: PLTR return
A2: 46286.396 | B2: 8.1149998 | C2: 356.04001 | D2: 1 | G2: 10.44 | H2: 334.01501 | I2: 1 | L2: 13.8 | M2: 690.19 | N2: 1 | Q2: 10.41 | R2: 494.53 | S2: 1 | V2: 8.5494003 | W2: 7695.7402 | X2: 1 | AA2: 8.5499001 | AB2: 256.38 | AC2: 1 | AF2: 5.0500002 | AG2: 178.8501 | AH2: 1
A3: 46286.417 | B3: 8.1499996 | C3: 357.10999 | D3: 1 | E3: =IF(AND(D3=1,INT($A3)=INT($A2),ISNUMBER(B2)),B3/B2-1,"") | F3: =IF(AND(D3=1,INT($A3)=INT($A2),ISNUMBER(C2)),C3/C2-1,"") | G3: 10.3701 | H3: 335.92001 | I3: 1 | J3: =IF(AND(I3=1,INT($A3)=INT($A2),ISNUMBER(G2)),G3/G2-1,"") | K3: =IF(AND(I3=1,INT($A3)=INT($A2),ISNUMBER(H2)),H3/H2-1,"") | L3: 13.3399 | M3: 710.28998 | N3: 1 | O3: =IF(AND(N3=1,INT($A3)=INT($A2),ISNUMBER(L2)),L3/L2-1,"") | P3: =IF(AND(N3=1,INT($A3)=INT($A2),ISNUMBER(M2)),M3/M2-1,"") | Q3: 10.39 | R3: 495.38 | S3: 1 | T3: =IF(AND(S3=1,INT($A3)=INT($A2),ISNUMBER(Q2)),Q3/Q2-1,"") | U3: =IF(AND(S3=1,INT($A3)=INT($A2),ISNUMBER(R2)),R3/R2-1,"") | V3: 8.5305004 | W3: 7706.2402 | X3: 1 | Y3: =IF(AND(X3=1,INT($A3)=INT($A2),ISNUMBER(V2)),V3/V2-1,"") | Z3: =IF(AND(X3=1,INT($A3)=INT($A2),ISNUMBER(W2)),W3/W2-1,"") | AA3: 8.6149998 | AB3: 254.46001 | AC3: 1 | AD3: =IF(AND(AC3=1,INT($A3)=INT($A2),ISNUMBER(AA2)),AA3/AA2-1,"") | AE3: =IF(AND(AC3=1,INT($A3)=INT($A2),ISNUMBER(AB2)),AB3/AB2-1,"") | AF3: 4.98 | AG3: 181.31 | AH3: 1 | AI3: =IF(AND(AH3=1,INT($A3)=INT($A2),ISNUMBER(AF2)),AF3/AF2-1,"") | AJ3: =IF(AND(AH3=1,INT($A3)=INT($A2),ISNUMBER(AG2)),AG3/AG2-1,"")
A4: 46286.438 | B4: 8.1300001 | C4: 357.67499 | D4: 1 | E4: =IF(AND(D4=1,INT($A4)=INT($A3),ISNUMBER(B3)),B4/B3-1,"") | F4: =IF(AND(D4=1,INT($A4)=INT($A3),ISNUMBER(C3)),C4/C3-1,"") | G4: 10.3404 | H4: 336.94 | I4: 1 | J4: =IF(AND(I4=1,INT($A4)=INT($A3),ISNUMBER(G3)),G4/G3-1,"") | K4: =IF(AND(I4=1,INT($A4)=INT($A3),ISNUMBER(H3)),H4/H3-1,"") | L4: 13.3199 | M4: 711.77002 | N4: 1 | O4: =IF(AND(N4=1,INT($A4)=INT($A3),ISNUMBER(L3)),L4/L3-1,"") | P4: =IF(AND(N4=1,INT($A4)=INT($A3),ISNUMBER(M3)),M4/M3-1,"") | Q4: 10.4401 | R4: 493.47 | S4: 1 | T4: =IF(AND(S4=1,INT($A4)=INT($A3),ISNUMBER(Q3)),Q4/Q3-1,"") | U4: =IF(AND(S4=1,INT($A4)=INT($A3),ISNUMBER(R3)),R4/R3-1,"") | V4: 8.5100002 | W4: 7721.1802 | X4: 1 | Y4: =IF(AND(X4=1,INT($A4)=INT($A3),ISNUMBER(V3)),V4/V3-1,"") | Z4: =IF(AND(X4=1,INT($A4)=INT($A3),ISNUMBER(W3)),W4/W3-1,"") | AA4: 8.5649996 | AB4: 255.81 | AC4: 1 | AD4: =IF(AND(AC4=1,INT($A4)=INT($A3),ISNUMBER(AA3)),AA4/AA3-1,"") | AE4: =IF(AND(AC4=1,INT($A4)=INT($A3),ISNUMBER(AB3)),AB4/AB3-1,"") | AF4: 4.9650002 | AG4: 182.03 | AH4: 1 | AI4: =IF(AND(AH4=1,INT($A4)=INT($A3),ISNUMBER(AF3)),AF4/AF3-1,"") | AJ4: =IF(AND(AH4=1,INT($A4)=INT($A3),ISNUMBER(AG3)),AG4/AG3-1,"")
A5: 46286.458 | B5: 8.1128998 | C5: 358.63 | D5: 1 | E5: =IF(AND(D5=1,INT($A5)=INT($A4),ISNUMBER(B4)),B5/B4-1,"") | F5: =IF(AND(D5=1,INT($A5)=INT($A4),ISNUMBER(C4)),C5/C4-1,"") | G5: 10.3401 | H5: 336.98001 | I5: 1 | J5: =IF(AND(I5=1,INT($A5)=INT($A4),ISNUMBER(G4)),G5/G4-1,"") | K5: =IF(AND(I5=1,INT($A5)=INT($A4),ISNUMBER(H4)),H5/H4-1,"") | L5: 13.39 | M5: 707.63501 | N5: 1 | O5: =IF(AND(N5=1,INT($A5)=INT($A4),ISNUMBER(L4)),L5/L4-1,"") | P5: =IF(AND(N5=1,INT($A5)=INT($A4),ISNUMBER(M4)),M5/M4-1,"") | Q5: 10.435 | R5: 493.57001 | S5: 1 | T5: =IF(AND(S5=1,INT($A5)=INT($A4),ISNUMBER(Q4)),Q5/Q4-1,"") | U5: =IF(AND(S5=1,INT($A5)=INT($A4),ISNUMBER(R4)),R5/R4-1,"") | V5: 8.5100002 | W5: 7722.4702 | X5: 1 | Y5: =IF(AND(X5=1,INT($A5)=INT($A4),ISNUMBER(V4)),V5/V4-1,"") | Z5: =IF(AND(X5=1,INT($A5)=INT($A4),ISNUMBER(W4)),W5/W4-1,"") | AA5: 8.5707998 | AB5: 255.62 | AC5: 1 | AD5: =IF(AND(AC5=1,INT($A5)=INT($A4),ISNUMBER(AA4)),AA5/AA4-1,"") | AE5: =IF(AND(AC5=1,INT($A5)=INT($A4),ISNUMBER(AB4)),AB5/AB4-1,"") | AF5: 4.9601002 | AG5: 181.858 | AH5: 1 | AI5: =IF(AND(AH5=1,INT($A5)=INT($A4),ISNUMBER(AF4)),AF5/AF4-1,"") | AJ5: =IF(AND(AH5=1,INT($A5)=INT($A4),ISNUMBER(AG4)),AG5/AG4-1,"")
A6: 46286.479 | B6: 8.1199999 | C6: 358.26001 | D6: 1 | E6: =IF(AND(D6=1,INT($A6)=INT($A5),ISNUMBER(B5)),B6/B5-1,"") | F6: =IF(AND(D6=1,INT($A6)=INT($A5),ISNUMBER(C5)),C6/C5-1,"") | G6: 10.34 | H6: 337.04001 | I6: 1 | J6: =IF(AND(I6=1,INT($A6)=INT($A5),ISNUMBER(G5)),G6/G5-1,"") | K6: =IF(AND(I6=1,INT($A6)=INT($A5),ISNUMBER(H5)),H6/H5-1,"") | L6: 13.275 | M6: 713.09998 | N6: 1 | O6: =IF(AND(N6=1,INT($A6)=INT($A5),ISNUMBER(L5)),L6/L5-1,"") | P6: =IF(AND(N6=1,INT($A6)=INT($A5),ISNUMBER(M5)),M6/M5-1,"") | Q6: 10.4703 | R6: 491.655 | S6: 1 | T6: =IF(AND(S6=1,INT($A6)=INT($A5),ISNUMBER(Q5)),Q6/Q5-1,"") | U6: =IF(AND(S6=1,INT($A6)=INT($A5),ISNUMBER(R5)),R6/R5-1,"") | V6: 8.5 | W6: 7728.8198 | X6: 1 | Y6: =IF(AND(X6=1,INT($A6)=INT($A5),ISNUMBER(V5)),V6/V5-1,"") | Z6: =IF(AND(X6=1,INT($A6)=INT($A5),ISNUMBER(W5)),W6/W5-1,"") | AA6: 8.5799999 | AB6: 255.37 | AC6: 1 | AD6: =IF(AND(AC6=1,INT($A6)=INT($A5),ISNUMBER(AA5)),AA6/AA5-1,"") | AE6: =IF(AND(AC6=1,INT($A6)=INT($A5),ISNUMBER(AB5)),AB6/AB5-1,"") | AF6: 4.9549999 | AG6: 182.10989 | AH6: 1 | AI6: =IF(AND(AH6=1,INT($A6)=INT($A5),ISNUMBER(AF5)),AF6/AF5-1,"") | AJ6: =IF(AND(AH6=1,INT($A6)=INT($A5),ISNUMBER(AG5)),AG6/AG5-1,"")
A7: 46286.5 | B7: 8.1300001 | C7: 357.95999 | D7: 1 | E7: =IF(AND(D7=1,INT($A7)=INT($A6),ISNUMBER(B6)),B7/B6-1,"") | F7: =IF(AND(D7=1,INT($A7)=INT($A6),ISNUMBER(C6)),C7/C6-1,"") | G7: 10.32 | H7: 337.89001 | I7: 1 | J7: =IF(AND(I7=1,INT($A7)=INT($A6),ISNUMBER(G6)),G7/G6-1,"") | K7: =IF(AND(I7=1,INT($A7)=INT($A6),ISNUMBER(H6)),H7/H6-1,"") | L7: 13.09 | M7: 722.19 | N7: 1 | O7: =IF(AND(N7=1,INT($A7)=INT($A6),ISNUMBER(L6)),L7/L6-1,"") | P7: =IF(AND(N7=1,INT($A7)=INT($A6),ISNUMBER(M6)),M7/M6-1,"") | Q7: 10.4301 | R7: 493.98999 | S7: 1 | T7: =IF(AND(S7=1,INT($A7)=INT($A6),ISNUMBER(Q6)),Q7/Q6-1,"") | U7: =IF(AND(S7=1,INT($A7)=INT($A6),ISNUMBER(R6)),R7/R6-1,"") | V7: 8.4949999 | W7: 7736.5801 | X7: 1 | Y7: =IF(AND(X7=1,INT($A7)=INT($A6),ISNUMBER(V6)),V7/V6-1,"") | Z7: =IF(AND(X7=1,INT($A7)=INT($A6),ISNUMBER(W6)),W7/W6-1,"") | AA7: 8.5600004 | AB7: 255.78999 | AC7: 1 | AD7: =IF(AND(AC7=1,INT($A7)=INT($A6),ISNUMBER(AA6)),AA7/AA6-1,"") | AE7: =IF(AND(AC7=1,INT($A7)=INT($A6),ISNUMBER(AB6)),AB7/AB6-1,"") | AF7: 4.9598999 | AG7: 182.07001 | AH7: 1 | AI7: =IF(AND(AH7=1,INT($A7)=INT($A6),ISNUMBER(AF6)),AF7/AF6-1,"") | AJ7: =IF(AND(AH7=1,INT($A7)=INT($A6),ISNUMBER(AG6)),AG7/AG6-1,"")
A8: 46286.521 | B8: 8.0600996 | C8: 360.85001 | D8: 1 | E8: =IF(AND(D8=1,INT($A8)=INT($A7),ISNUMBER(B7)),B8/B7-1,"") | F8: =IF(AND(D8=1,INT($A8)=INT($A7),ISNUMBER(C7)),C8/C7-1,"") | G8: 10.2958 | H8: 338.66 | I8: 1 | J8: =IF(AND(I8=1,INT($A8)=INT($A7),ISNUMBER(G7)),G8/G7-1,"") | K8: =IF(AND(I8=1,INT($A8)=INT($A7),ISNUMBER(H7)),H8/H7-1,"") | L8: 12.97 | M8: 727.685 | N8: 1 | O8: =IF(AND(N8=1,INT($A8)=INT($A7),ISNUMBER(L7)),L8/L7-1,"") | P8: =IF(AND(N8=1,INT($A8)=INT($A7),ISNUMBER(M7)),M8/M7-1,"") | Q8: 10.4302 | R8: 493.97501 | S8: 1 | T8: =IF(AND(S8=1,INT($A8)=INT($A7),ISNUMBER(Q7)),Q8/Q7-1,"") | U8: =IF(AND(S8=1,INT($A8)=INT($A7),ISNUMBER(R7)),R8/R7-1,"") | V8: 8.4849997 | W8: 7748.9102 | X8: 1 | Y8: =IF(AND(X8=1,INT($A8)=INT($A7),ISNUMBER(V7)),V8/V7-1,"") | Z8: =IF(AND(X8=1,INT($A8)=INT($A7),ISNUMBER(W7)),W8/W7-1,"") | AA8: 8.5 | AB8: 257.86499 | AC8: 1 | AD8: =IF(AND(AC8=1,INT($A8)=INT($A7),ISNUMBER(AA7)),AA8/AA7-1,"") | AE8: =IF(AND(AC8=1,INT($A8)=INT($A7),ISNUMBER(AB7)),AB8/AB7-1,"") | AF8: 4.9349999 | AG8: 182.92 | AH8: 1 | AI8: =IF(AND(AH8=1,INT($A8)=INT($A7),ISNUMBER(AF7)),AF8/AF7-1,"") | AJ8: =IF(AND(AH8=1,INT($A8)=INT($A7),ISNUMBER(AG7)),AG8/AG7-1,"")
A9: 46286.542 | B9: 8.0599003 | C9: 360.95999 | D9: 1 | E9: =IF(AND(D9=1,INT($A9)=INT($A8),ISNUMBER(B8)),B9/B8-1,"") | F9: =IF(AND(D9=1,INT($A9)=INT($A8),ISNUMBER(C8)),C9/C8-1,"") | G9: 10.285 | H9: 338.88 | I9: 1 | J9: =IF(AND(I9=1,INT($A9)=INT($A8),ISNUMBER(G8)),G9/G8-1,"") | K9: =IF(AND(I9=1,INT($A9)=INT($A8),ISNUMBER(H8)),H9/H8-1,"") | L9: 12.955 | M9: 728.79999 | N9: 1 | O9: =IF(AND(N9=1,INT($A9)=INT($A8),ISNUMBER(L8)),L9/L8-1,"") | P9: =IF(AND(N9=1,INT($A9)=INT($A8),ISNUMBER(M8)),M9/M8-1,"") | Q9: 10.3777 | R9: 496.63 | S9: 1 | T9: =IF(AND(S9=1,INT($A9)=INT($A8),ISNUMBER(Q8)),Q9/Q8-1,"") | U9: =IF(AND(S9=1,INT($A9)=INT($A8),ISNUMBER(R8)),R9/R8-1,"") | V9: 8.4750004 | W9: 7753.4302 | X9: 1 | Y9: =IF(AND(X9=1,INT($A9)=INT($A8),ISNUMBER(V8)),V9/V8-1,"") | Z9: =IF(AND(X9=1,INT($A9)=INT($A8),ISNUMBER(W8)),W9/W8-1,"") | AA9: 8.5007 | AB9: 257.70999 | AC9: 1 | AD9: =IF(AND(AC9=1,INT($A9)=INT($A8),ISNUMBER(AA8)),AA9/AA8-1,"") | AE9: =IF(AND(AC9=1,INT($A9)=INT($A8),ISNUMBER(AB8)),AB9/AB8-1,"") | AF9: 4.9749999 | AG9: 181.425 | AH9: 1 | AI9: =IF(AND(AH9=1,INT($A9)=INT($A8),ISNUMBER(AF8)),AF9/AF8-1,"") | AJ9: =IF(AND(AH9=1,INT($A9)=INT($A8),ISNUMBER(AG8)),AG9/AG8-1,"")
A10: 46286.562 | B10: 8.0950003 | C10: 359.17999 | D10: 1 | E10: =IF(AND(D10=1,INT($A10)=INT($A9),ISNUMBER(B9)),B10/B9-1,"") | F10: =IF(AND(D10=1,INT($A10)=INT($A9),ISNUMBER(C9)),C10/C9-1,"") | G10: 10.2902 | H10: 338.76001 | I10: 1 | J10: =IF(AND(I10=1,INT($A10)=INT($A9),ISNUMBER(G9)),G10/G9-1,"") | K10: =IF(AND(I10=1,INT($A10)=INT($A9),ISNUMBER(H9)),H10/H9-1,"") | L10: 12.765 | M10: 737.72998 | N10: 1 | O10: =IF(AND(N10=1,INT($A10)=INT($A9),ISNUMBER(L9)),L10/L9-1,"") | P10: =IF(AND(N10=1,INT($A10)=INT($A9),ISNUMBER(M9)),M10/M9-1,"") | Q10: 10.3599 | R10: 497.065 | S10: 1 | T10: =IF(AND(S10=1,INT($A10)=INT($A9),ISNUMBER(Q9)),Q10/Q9-1,"") | U10: =IF(AND(S10=1,INT($A10)=INT($A9),ISNUMBER(R9)),R10/R9-1,"") | V10: 8.4700003 | W10: 7758.1201 | X10: 1 | Y10: =IF(AND(X10=1,INT($A10)=INT($A9),ISNUMBER(V9)),V10/V9-1,"") | Z10: =IF(AND(X10=1,INT($A10)=INT($A9),ISNUMBER(W9)),W10/W9-1,"") | AA10: 8.5100002 | AB10: 257.66251 | AC10: 1 | AD10: =IF(AND(AC10=1,INT($A10)=INT($A9),ISNUMBER(AA9)),AA10/AA9-1,"") | AE10: =IF(AND(AC10=1,INT($A10)=INT($A9),ISNUMBER(AB9)),AB10/AB9-1,"") | AF10: 4.9801998 | AG10: 181.35001 | AH10: 1 | AI10: =IF(AND(AH10=1,INT($A10)=INT($A9),ISNUMBER(AF9)),AF10/AF9-1,"") | AJ10: =IF(AND(AH10=1,INT($A10)=INT($A9),ISNUMBER(AG9)),AG10/AG9-1,"")
A11: 46286.583 | B11: 8.0550003 | C11: 360.97 | D11: 1 | E11: =IF(AND(D11=1,INT($A11)=INT($A10),ISNUMBER(B10)),B11/B10-1,"") | F11: =IF(AND(D11=1,INT($A11)=INT($A10),ISNUMBER(C10)),C11/C10-1,"") | G11: 10.3004 | H11: 338.35999 | I11: 1 | J11: =IF(AND(I11=1,INT($A11)=INT($A10),ISNUMBER(G10)),G11/G10-1,"") | K11: =IF(AND(I11=1,INT($A11)=INT($A10),ISNUMBER(H10)),H11/H10-1,"") | L11: 12.6459 | M11: 743.23499 | N11: 1 | O11: =IF(AND(N11=1,INT($A11)=INT($A10),ISNUMBER(L10)),L11/L10-1,"") | P11: =IF(AND(N11=1,INT($A11)=INT($A10),ISNUMBER(M10)),M11/M10-1,"") | Q11: 10.3354 | R11: 498.73499 | S11: 1 | T11: =IF(AND(S11=1,INT($A11)=INT($A10),ISNUMBER(Q10)),Q11/Q10-1,"") | U11: =IF(AND(S11=1,INT($A11)=INT($A10),ISNUMBER(R10)),R11/R10-1,"") | V11: 8.4700003 | W11: 7759.77 | X11: 1 | Y11: =IF(AND(X11=1,INT($A11)=INT($A10),ISNUMBER(V10)),V11/V10-1,"") | Z11: =IF(AND(X11=1,INT($A11)=INT($A10),ISNUMBER(W10)),W11/W10-1,"") | AA11: 8.4899998 | AB11: 257.89899 | AC11: 1 | AD11: =IF(AND(AC11=1,INT($A11)=INT($A10),ISNUMBER(AA10)),AA11/AA10-1,"") | AE11: =IF(AND(AC11=1,INT($A11)=INT($A10),ISNUMBER(AB10)),AB11/AB10-1,"") | AF11: 4.9601002 | AG11: 181.85001 | AH11: 1 | AI11: =IF(AND(AH11=1,INT($A11)=INT($A10),ISNUMBER(AF10)),AF11/AF10-1,"") | AJ11: =IF(AND(AH11=1,INT($A11)=INT($A10),ISNUMBER(AG10)),AG11/AG10-1,"")
A12: 46286.604 | B12: 8.04 | C12: 361.755 | D12: 1 | E12: =IF(AND(D12=1,INT($A12)=INT($A11),ISNUMBER(B11)),B12/B11-1,"") | F12: =IF(AND(D12=1,INT($A12)=INT($A11),ISNUMBER(C11)),C12/C11-1,"") | G12: 10.29 | H12: 338.78 | I12: 1 | J12: =IF(AND(I12=1,INT($A12)=INT($A11),ISNUMBER(G11)),G12/G11-1,"") | K12: =IF(AND(I12=1,INT($A12)=INT($A11),ISNUMBER(H11)),H12/H11-1,"") | L12: 12.56 | M12: 746.60498 | N12: 1 | O12: =IF(AND(N12=1,INT($A12)=INT($A11),ISNUMBER(L11)),L12/L11-1,"") | P12: =IF(AND(N12=1,INT($A12)=INT($A11),ISNUMBER(M11)),M12/M11-1,"") | Q12: 10.34 | R12: 498.36499 | S12: 1 | T12: =IF(AND(S12=1,INT($A12)=INT($A11),ISNUMBER(Q11)),Q12/Q11-1,"") | U12: =IF(AND(S12=1,INT($A12)=INT($A11),ISNUMBER(R11)),R12/R11-1,"") | V12: 8.46 | W12: 7768.6299 | X12: 1 | Y12: =IF(AND(X12=1,INT($A12)=INT($A11),ISNUMBER(V11)),V12/V11-1,"") | Z12: =IF(AND(X12=1,INT($A12)=INT($A11),ISNUMBER(W11)),W12/W11-1,"") | AA12: 8.4800997 | AB12: 258.29999 | AC12: 1 | AD12: =IF(AND(AC12=1,INT($A12)=INT($A11),ISNUMBER(AA11)),AA12/AA11-1,"") | AE12: =IF(AND(AC12=1,INT($A12)=INT($A11),ISNUMBER(AB11)),AB12/AB11-1,"") | AF12: 4.9749999 | AG12: 181.49001 | AH12: 1 | AI12: =IF(AND(AH12=1,INT($A12)=INT($A11),ISNUMBER(AF11)),AF12/AF11-1,"") | AJ12: =IF(AND(AH12=1,INT($A12)=INT($A11),ISNUMBER(AG11)),AG12/AG11-1,"")
A13: 46286.625 | B13: 8.0199003 | C13: 362.59 | D13: 1 | E13: =IF(AND(D13=1,INT($A13)=INT($A12),ISNUMBER(B12)),B13/B12-1,"") | F13: =IF(AND(D13=1,INT($A13)=INT($A12),ISNUMBER(C12)),C13/C12-1,"") | G13: 10.2901 | H13: 338.87 | I13: 1 | J13: =IF(AND(I13=1,INT($A13)=INT($A12),ISNUMBER(G12)),G13/G12-1,"") | K13: =IF(AND(I13=1,INT($A13)=INT($A12),ISNUMBER(H12)),H13/H12-1,"") | L13: 12.6064 | M13: 744.64502 | N13: 1 | O13: =IF(AND(N13=1,INT($A13)=INT($A12),ISNUMBER(L12)),L13/L12-1,"") | P13: =IF(AND(N13=1,INT($A13)=INT($A12),ISNUMBER(M12)),M13/M12-1,"") | Q13: 10.33 | R13: 498.55499 | S13: 1 | T13: =IF(AND(S13=1,INT($A13)=INT($A12),ISNUMBER(Q12)),Q13/Q12-1,"") | U13: =IF(AND(S13=1,INT($A13)=INT($A12),ISNUMBER(R12)),R13/R12-1,"") | V13: 8.4499998 | W13: 7772.6401 | X13: 1 | Y13: =IF(AND(X13=1,INT($A13)=INT($A12),ISNUMBER(V12)),V13/V12-1,"") | Z13: =IF(AND(X13=1,INT($A13)=INT($A12),ISNUMBER(W12)),W13/W12-1,"") | AA13: 8.4650002 | AB13: 258.79999 | AC13: 1 | AD13: =IF(AND(AC13=1,INT($A13)=INT($A12),ISNUMBER(AA12)),AA13/AA12-1,"") | AE13: =IF(AND(AC13=1,INT($A13)=INT($A12),ISNUMBER(AB12)),AB13/AB12-1,"") | AF13: 4.9706998 | AG13: 181.6124 | AH13: 1 | AI13: =IF(AND(AH13=1,INT($A13)=INT($A12),ISNUMBER(AF12)),AF13/AF12-1,"") | AJ13: =IF(AND(AH13=1,INT($A13)=INT($A12),ISNUMBER(AG12)),AG13/AG12-1,"")
A14: 46286.646 | B14: 8.0010004 | C14: 363.29501 | D14: 1 | E14: =IF(AND(D14=1,INT($A14)=INT($A13),ISNUMBER(B13)),B14/B13-1,"") | F14: =IF(AND(D14=1,INT($A14)=INT($A13),ISNUMBER(C13)),C14/C13-1,"") | G14: 10.2701 | H14: 339.23999 | I14: 1 | J14: =IF(AND(I14=1,INT($A14)=INT($A13),ISNUMBER(G13)),G14/G13-1,"") | K14: =IF(AND(I14=1,INT($A14)=INT($A13),ISNUMBER(H13)),H14/H13-1,"") | L14: 12.5562 | M14: 747.41998 | N14: 1 | O14: =IF(AND(N14=1,INT($A14)=INT($A13),ISNUMBER(L13)),L14/L13-1,"") | P14: =IF(AND(N14=1,INT($A14)=INT($A13),ISNUMBER(M13)),M14/M13-1,"") | Q14: 10.3 | R14: 500.10999 | S14: 1 | T14: =IF(AND(S14=1,INT($A14)=INT($A13),ISNUMBER(Q13)),Q14/Q13-1,"") | U14: =IF(AND(S14=1,INT($A14)=INT($A13),ISNUMBER(R13)),R14/R13-1,"") | V14: 8.4499998 | W14: 7771.7202 | X14: 1 | Y14: =IF(AND(X14=1,INT($A14)=INT($A13),ISNUMBER(V13)),V14/V13-1,"") | Z14: =IF(AND(X14=1,INT($A14)=INT($A13),ISNUMBER(W13)),W14/W13-1,"") | AA14: 8.4625998 | AB14: 258.88 | AC14: 1 | AD14: =IF(AND(AC14=1,INT($A14)=INT($A13),ISNUMBER(AA13)),AA14/AA13-1,"") | AE14: =IF(AND(AC14=1,INT($A14)=INT($A13),ISNUMBER(AB13)),AB14/AB13-1,"") | AF14: 4.9686999 | AG14: 181.8 | AH14: 1 | AI14: =IF(AND(AH14=1,INT($A14)=INT($A13),ISNUMBER(AF13)),AF14/AF13-1,"") | AJ14: =IF(AND(AH14=1,INT($A14)=INT($A13),ISNUMBER(AG13)),AG14/AG13-1,"")
... A99: 46294.667 | B99: 8.1549997 | C99: 355.13 | D99: 1 | E99: =IF(AND(D99=1,INT($A99)=INT($A98),ISNUMBER(B98)),B99/B98-1,"") | F99: =IF(AND(D99=1,INT($A99)=INT($A98),ISNUMBER(C98)),C99/C98-1,"") | G99: 10.405 | H99: 329.59 | I99: 1 | J99: =IF(AND(I99=1,INT($A99)=INT($A98),ISNUMBER(G98)),G99/G98-1,"") | K99: =IF(AND(I99=1,INT($A99)=INT($A98),ISNUMBER(H98)),H99/H98-1,"") | L99: 12.585 | M99: 739.02002 | N99: 1 | O99: =IF(AND(N99=1,INT($A99)=INT($A98),ISNUMBER(L98)),L99/L98-1,"") | P99: =IF(AND(N99=1,INT($A99)=INT($A98),ISNUMBER(M98)),M99/M98-1,"") | Q99: 10.05 | R99: 509.04001 | S99: 1 | T99: =IF(AND(S99=1,INT($A99)=INT($A98),ISNUMBER(Q98)),Q99/Q98-1,"") | U99: =IF(AND(S99=1,INT($A99)=INT($A98),ISNUMBER(R98)),R99/R98-1,"") | V99: 8.4700003 | W99: 7671.8501 | X99: 1 | Y99: =IF(AND(X99=1,INT($A99)=INT($A98),ISNUMBER(V98)),V99/V98-1,"") | Z99: =IF(AND(X99=1,INT($A99)=INT($A98),ISNUMBER(W98)),W99/W98-1,"") | AA99: 8.8400002 | AB99: 246.69501 | AC99: 1 | AD99: =IF(AND(AC99=1,INT($A99)=INT($A98),ISNUMBER(AA98)),AA99/AA98-1,"") | AE99: =IF(AND(AC99=1,INT($A99)=INT($A98),ISNUMBER(AB98)),AB99/AB98-1,"") | AF99: 4.7849998 | AG99: 186.97 | AH99: 1 | AI99: =IF(AND(AH99=1,INT($A99)=INT($A98),ISNUMBER(AF98)),AF99/AF98-1,"") | AJ99: =IF(AND(AH99=1,INT($A99)=INT($A98),ISNUMBER(AG98)),AG99/AG98-1,"")

Sheet R60
A1: Time | B1: AVS | C1: AVGO | D1: AVS both traded | E1: AVS return | F1: AVGO return | G1: AAPD | H1: AAPL | I1: AAPD both traded | J1: AAPD return | K1: AAPL return | L1: METD | M1: META | N1: METD both traded | O1: METD return | P1: META return | Q1: MSFD | R1: MSFT | S1: MSFD both traded | T1: MSFD return | U1: MSFT return | V1: SPDN | W1: SPX | X1: SPDN both traded | Y1: SPDN return | Z1: SPX return | AA1: AMZD | AB1: AMZN | AC1: AMZD both traded | AD1: AMZD return | AE1: AMZN return | AF1: PLTD | AG1: PLTR | AH1: PLTD both traded | AI1: PLTD return | AJ1: PLTR return
A2: 46286.396 | B2: 8.1149998 | C2: 356.04001 | D2: 1 | G2: 10.44 | H2: 334.01501 | I2: 1 | L2: 13.8 | M2: 690.19 | N2: 1 | Q2: 10.41 | R2: 494.53 | S2: 1 | V2: 8.5494003 | W2: 7695.7402 | X2: 1 | AA2: 8.5499001 | AB2: 256.38 | AC2: 1 | AF2: 5.0500002 | AG2: 178.8501 | AH2: 1
A3: 46286.438 | B3: 8.1300001 | C3: 357.67499 | D3: 1 | E3: =IF(AND(D3=1,INT($A3)=INT($A2),ISNUMBER(B2)),B3/B2-1,"") | F3: =IF(AND(D3=1,INT($A3)=INT($A2),ISNUMBER(C2)),C3/C2-1,"") | G3: 10.3404 | H3: 336.94 | I3: 1 | J3: =IF(AND(I3=1,INT($A3)=INT($A2),ISNUMBER(G2)),G3/G2-1,"") | K3: =IF(AND(I3=1,INT($A3)=INT($A2),ISNUMBER(H2)),H3/H2-1,"") | L3: 13.3199 | M3: 711.77002 | N3: 1 | O3: =IF(AND(N3=1,INT($A3)=INT($A2),ISNUMBER(L2)),L3/L2-1,"") | P3: =IF(AND(N3=1,INT($A3)=INT($A2),ISNUMBER(M2)),M3/M2-1,"") | Q3: 10.4401 | R3: 493.47 | S3: 1 | T3: =IF(AND(S3=1,INT($A3)=INT($A2),ISNUMBER(Q2)),Q3/Q2-1,"") | U3: =IF(AND(S3=1,INT($A3)=INT($A2),ISNUMBER(R2)),R3/R2-1,"") | V3: 8.5100002 | W3: 7721.1802 | X3: 1 | Y3: =IF(AND(X3=1,INT($A3)=INT($A2),ISNUMBER(V2)),V3/V2-1,"") | Z3: =IF(AND(X3=1,INT($A3)=INT($A2),ISNUMBER(W2)),W3/W2-1,"") | AA3: 8.5649996 | AB3: 255.81 | AC3: 1 | AD3: =IF(AND(AC3=1,INT($A3)=INT($A2),ISNUMBER(AA2)),AA3/AA2-1,"") | AE3: =IF(AND(AC3=1,INT($A3)=INT($A2),ISNUMBER(AB2)),AB3/AB2-1,"") | AF3: 4.9650002 | AG3: 182.03 | AH3: 1 | AI3: =IF(AND(AH3=1,INT($A3)=INT($A2),ISNUMBER(AF2)),AF3/AF2-1,"") | AJ3: =IF(AND(AH3=1,INT($A3)=INT($A2),ISNUMBER(AG2)),AG3/AG2-1,"")
A4: 46286.479 | B4: 8.1199999 | C4: 358.26001 | D4: 1 | E4: =IF(AND(D4=1,INT($A4)=INT($A3),ISNUMBER(B3)),B4/B3-1,"") | F4: =IF(AND(D4=1,INT($A4)=INT($A3),ISNUMBER(C3)),C4/C3-1,"") | G4: 10.34 | H4: 337.04001 | I4: 1 | J4: =IF(AND(I4=1,INT($A4)=INT($A3),ISNUMBER(G3)),G4/G3-1,"") | K4: =IF(AND(I4=1,INT($A4)=INT($A3),ISNUMBER(H3)),H4/H3-1,"") | L4: 13.275 | M4: 713.09998 | N4: 1 | O4: =IF(AND(N4=1,INT($A4)=INT($A3),ISNUMBER(L3)),L4/L3-1,"") | P4: =IF(AND(N4=1,INT($A4)=INT($A3),ISNUMBER(M3)),M4/M3-1,"") | Q4: 10.4703 | R4: 491.655 | S4: 1 | T4: =IF(AND(S4=1,INT($A4)=INT($A3),ISNUMBER(Q3)),Q4/Q3-1,"") | U4: =IF(AND(S4=1,INT($A4)=INT($A3),ISNUMBER(R3)),R4/R3-1,"") | V4: 8.5 | W4: 7728.8198 | X4: 1 | Y4: =IF(AND(X4=1,INT($A4)=INT($A3),ISNUMBER(V3)),V4/V3-1,"") | Z4: =IF(AND(X4=1,INT($A4)=INT($A3),ISNUMBER(W3)),W4/W3-1,"") | AA4: 8.5799999 | AB4: 255.37 | AC4: 1 | AD4: =IF(AND(AC4=1,INT($A4)=INT($A3),ISNUMBER(AA3)),AA4/AA3-1,"") | AE4: =IF(AND(AC4=1,INT($A4)=INT($A3),ISNUMBER(AB3)),AB4/AB3-1,"") | AF4: 4.9549999 | AG4: 182.10989 | AH4: 1 | AI4: =IF(AND(AH4=1,INT($A4)=INT($A3),ISNUMBER(AF3)),AF4/AF3-1,"") | AJ4: =IF(AND(AH4=1,INT($A4)=INT($A3),ISNUMBER(AG3)),AG4/AG3-1,"")
A5: 46286.521 | B5: 8.0600996 | C5: 360.85001 | D5: 1 | E5: =IF(AND(D5=1,INT($A5)=INT($A4),ISNUMBER(B4)),B5/B4-1,"") | F5: =IF(AND(D5=1,INT($A5)=INT($A4),ISNUMBER(C4)),C5/C4-1,"") | G5: 10.2958 | H5: 338.66 | I5: 1 | J5: =IF(AND(I5=1,INT($A5)=INT($A4),ISNUMBER(G4)),G5/G4-1,"") | K5: =IF(AND(I5=1,INT($A5)=INT($A4),ISNUMBER(H4)),H5/H4-1,"") | L5: 12.97 | M5: 727.685 | N5: 1 | O5: =IF(AND(N5=1,INT($A5)=INT($A4),ISNUMBER(L4)),L5/L4-1,"") | P5: =IF(AND(N5=1,INT($A5)=INT($A4),ISNUMBER(M4)),M5/M4-1,"") | Q5: 10.4302 | R5: 493.97501 | S5: 1 | T5: =IF(AND(S5=1,INT($A5)=INT($A4),ISNUMBER(Q4)),Q5/Q4-1,"") | U5: =IF(AND(S5=1,INT($A5)=INT($A4),ISNUMBER(R4)),R5/R4-1,"") | V5: 8.4849997 | W5: 7748.9102 | X5: 1 | Y5: =IF(AND(X5=1,INT($A5)=INT($A4),ISNUMBER(V4)),V5/V4-1,"") | Z5: =IF(AND(X5=1,INT($A5)=INT($A4),ISNUMBER(W4)),W5/W4-1,"") | AA5: 8.5 | AB5: 257.86499 | AC5: 1 | AD5: =IF(AND(AC5=1,INT($A5)=INT($A4),ISNUMBER(AA4)),AA5/AA4-1,"") | AE5: =IF(AND(AC5=1,INT($A5)=INT($A4),ISNUMBER(AB4)),AB5/AB4-1,"") | AF5: 4.9349999 | AG5: 182.92 | AH5: 1 | AI5: =IF(AND(AH5=1,INT($A5)=INT($A4),ISNUMBER(AF4)),AF5/AF4-1,"") | AJ5: =IF(AND(AH5=1,INT($A5)=INT($A4),ISNUMBER(AG4)),AG5/AG4-1,"")
A6: 46286.562 | B6: 8.0950003 | C6: 359.17999 | D6: 1 | E6: =IF(AND(D6=1,INT($A6)=INT($A5),ISNUMBER(B5)),B6/B5-1,"") | F6: =IF(AND(D6=1,INT($A6)=INT($A5),ISNUMBER(C5)),C6/C5-1,"") | G6: 10.2902 | H6: 338.76001 | I6: 1 | J6: =IF(AND(I6=1,INT($A6)=INT($A5),ISNUMBER(G5)),G6/G5-1,"") | K6: =IF(AND(I6=1,INT($A6)=INT($A5),ISNUMBER(H5)),H6/H5-1,"") | L6: 12.765 | M6: 737.72998 | N6: 1 | O6: =IF(AND(N6=1,INT($A6)=INT($A5),ISNUMBER(L5)),L6/L5-1,"") | P6: =IF(AND(N6=1,INT($A6)=INT($A5),ISNUMBER(M5)),M6/M5-1,"") | Q6: 10.3599 | R6: 497.065 | S6: 1 | T6: =IF(AND(S6=1,INT($A6)=INT($A5),ISNUMBER(Q5)),Q6/Q5-1,"") | U6: =IF(AND(S6=1,INT($A6)=INT($A5),ISNUMBER(R5)),R6/R5-1,"") | V6: 8.4700003 | W6: 7758.1201 | X6: 1 | Y6: =IF(AND(X6=1,INT($A6)=INT($A5),ISNUMBER(V5)),V6/V5-1,"") | Z6: =IF(AND(X6=1,INT($A6)=INT($A5),ISNUMBER(W5)),W6/W5-1,"") | AA6: 8.5100002 | AB6: 257.66251 | AC6: 1 | AD6: =IF(AND(AC6=1,INT($A6)=INT($A5),ISNUMBER(AA5)),AA6/AA5-1,"") | AE6: =IF(AND(AC6=1,INT($A6)=INT($A5),ISNUMBER(AB5)),AB6/AB5-1,"") | AF6: 4.9801998 | AG6: 181.35001 | AH6: 1 | AI6: =IF(AND(AH6=1,INT($A6)=INT($A5),ISNUMBER(AF5)),AF6/AF5-1,"") | AJ6: =IF(AND(AH6=1,INT($A6)=INT($A5),ISNUMBER(AG5)),AG6/AG5-1,"")
A7: 46286.604 | B7: 8.04 | C7: 361.755 | D7: 1 | E7: =IF(AND(D7=1,INT($A7)=INT($A6),ISNUMBER(B6)),B7/B6-1,"") | F7: =IF(AND(D7=1,INT($A7)=INT($A6),ISNUMBER(C6)),C7/C6-1,"") | G7: 10.29 | H7: 338.78 | I7: 1 | J7: =IF(AND(I7=1,INT($A7)=INT($A6),ISNUMBER(G6)),G7/G6-1,"") | K7: =IF(AND(I7=1,INT($A7)=INT($A6),ISNUMBER(H6)),H7/H6-1,"") | L7: 12.56 | M7: 746.60498 | N7: 1 | O7: =IF(AND(N7=1,INT($A7)=INT($A6),ISNUMBER(L6)),L7/L6-1,"") | P7: =IF(AND(N7=1,INT($A7)=INT($A6),ISNUMBER(M6)),M7/M6-1,"") | Q7: 10.34 | R7: 498.36499 | S7: 1 | T7: =IF(AND(S7=1,INT($A7)=INT($A6),ISNUMBER(Q6)),Q7/Q6-1,"") | U7: =IF(AND(S7=1,INT($A7)=INT($A6),ISNUMBER(R6)),R7/R6-1,"") | V7: 8.46 | W7: 7768.6299 | X7: 1 | Y7: =IF(AND(X7=1,INT($A7)=INT($A6),ISNUMBER(V6)),V7/V6-1,"") | Z7: =IF(AND(X7=1,INT($A7)=INT($A6),ISNUMBER(W6)),W7/W6-1,"") | AA7: 8.4800997 | AB7: 258.29999 | AC7: 1 | AD7: =IF(AND(AC7=1,INT($A7)=INT($A6),ISNUMBER(AA6)),AA7/AA6-1,"") | AE7: =IF(AND(AC7=1,INT($A7)=INT($A6),ISNUMBER(AB6)),AB7/AB6-1,"") | AF7: 4.9749999 | AG7: 181.49001 | AH7: 1 | AI7: =IF(AND(AH7=1,INT($A7)=INT($A6),ISNUMBER(AF6)),AF7/AF6-1,"") | AJ7: =IF(AND(AH7=1,INT($A7)=INT($A6),ISNUMBER(AG6)),AG7/AG6-1,"")
A8: 46286.646 | B8: 8.0010004 | C8: 363.29501 | D8: 1 | E8: =IF(AND(D8=1,INT($A8)=INT($A7),ISNUMBER(B7)),B8/B7-1,"") | F8: =IF(AND(D8=1,INT($A8)=INT($A7),ISNUMBER(C7)),C8/C7-1,"") | G8: 10.2701 | H8: 339.23999 | I8: 1 | J8: =IF(AND(I8=1,INT($A8)=INT($A7),ISNUMBER(G7)),G8/G7-1,"") | K8: =IF(AND(I8=1,INT($A8)=INT($A7),ISNUMBER(H7)),H8/H7-1,"") | L8: 12.5562 | M8: 747.41998 | N8: 1 | O8: =IF(AND(N8=1,INT($A8)=INT($A7),ISNUMBER(L7)),L8/L7-1,"") | P8: =IF(AND(N8=1,INT($A8)=INT($A7),ISNUMBER(M7)),M8/M7-1,"") | Q8: 10.3 | R8: 500.10999 | S8: 1 | T8: =IF(AND(S8=1,INT($A8)=INT($A7),ISNUMBER(Q7)),Q8/Q7-1,"") | U8: =IF(AND(S8=1,INT($A8)=INT($A7),ISNUMBER(R7)),R8/R7-1,"") | V8: 8.4499998 | W8: 7771.7202 | X8: 1 | Y8: =IF(AND(X8=1,INT($A8)=INT($A7),ISNUMBER(V7)),V8/V7-1,"") | Z8: =IF(AND(X8=1,INT($A8)=INT($A7),ISNUMBER(W7)),W8/W7-1,"") | AA8: 8.4625998 | AB8: 258.88 | AC8: 1 | AD8: =IF(AND(AC8=1,INT($A8)=INT($A7),ISNUMBER(AA7)),AA8/AA7-1,"") | AE8: =IF(AND(AC8=1,INT($A8)=INT($A7),ISNUMBER(AB7)),AB8/AB7-1,"") | AF8: 4.9686999 | AG8: 181.8 | AH8: 1 | AI8: =IF(AND(AH8=1,INT($A8)=INT($A7),ISNUMBER(AF7)),AF8/AF7-1,"") | AJ8: =IF(AND(AH8=1,INT($A8)=INT($A7),ISNUMBER(AG7)),AG8/AG7-1,"")
A9: 46286.667 | B9: 8.0200005 | C9: 362.54001 | D9: 1 | E9: =IF(AND(D9=1,INT($A9)=INT($A8),ISNUMBER(B8)),B9/B8-1,"") | F9: =IF(AND(D9=1,INT($A9)=INT($A8),ISNUMBER(C8)),C9/C8-1,"") | G9: 10.2701 | H9: 338.89001 | I9: 1 | J9: =IF(AND(I9=1,INT($A9)=INT($A8),ISNUMBER(G8)),G9/G8-1,"") | K9: =IF(AND(I9=1,INT($A9)=INT($A8),ISNUMBER(H8)),H9/H8-1,"") | L9: 12.685 | M9: 741.13 | N9: 1 | O9: =IF(AND(N9=1,INT($A9)=INT($A8),ISNUMBER(L8)),L9/L8-1,"") | P9: =IF(AND(N9=1,INT($A9)=INT($A8),ISNUMBER(M8)),M9/M8-1,"") | Q9: 10.26 | R9: 501.60999 | S9: 1 | T9: =IF(AND(S9=1,INT($A9)=INT($A8),ISNUMBER(Q8)),Q9/Q8-1,"") | U9: =IF(AND(S9=1,INT($A9)=INT($A8),ISNUMBER(R8)),R9/R8-1,"") | V9: 8.4644003 | W9: 7764.2202 | X9: 1 | Y9: =IF(AND(X9=1,INT($A9)=INT($A8),ISNUMBER(V8)),V9/V8-1,"") | Z9: =IF(AND(X9=1,INT($A9)=INT($A8),ISNUMBER(W8)),W9/W8-1,"") | AA9: 8.4799995 | AB9: 258.42999 | AC9: 1 | AD9: =IF(AND(AC9=1,INT($A9)=INT($A8),ISNUMBER(AA8)),AA9/AA8-1,"") | AE9: =IF(AND(AC9=1,INT($A9)=INT($A8),ISNUMBER(AB8)),AB9/AB8-1,"") | AF9: 4.9299998 | AG9: 183.08 | AH9: 1 | AI9: =IF(AND(AH9=1,INT($A9)=INT($A8),ISNUMBER(AF8)),AF9/AF8-1,"") | AJ9: =IF(AND(AH9=1,INT($A9)=INT($A8),ISNUMBER(AG8)),AG9/AG8-1,"")
A10: 46287.396 | B10: 7.9949999 | C10: 362.70499 | D10: 1 | E10: =IF(AND(D10=1,INT($A10)=INT($A9),ISNUMBER(B9)),B10/B9-1,"") | F10: =IF(AND(D10=1,INT($A10)=INT($A9),ISNUMBER(C9)),C10/C9-1,"") | G10: 10.0206 | H10: 341.875 | I10: 1 | J10: =IF(AND(I10=1,INT($A10)=INT($A9),ISNUMBER(G9)),G10/G9-1,"") | K10: =IF(AND(I10=1,INT($A10)=INT($A9),ISNUMBER(H9)),H10/H9-1,"") | L10: 12.64 | M10: 740.33502 | N10: 1 | O10: =IF(AND(N10=1,INT($A10)=INT($A9),ISNUMBER(L9)),L10/L9-1,"") | P10: =IF(AND(N10=1,INT($A10)=INT($A9),ISNUMBER(M9)),M10/M9-1,"") | Q10: 10.11 | R10: 505.69 | S10: 1 | T10: =IF(AND(S10=1,INT($A10)=INT($A9),ISNUMBER(Q9)),Q10/Q9-1,"") | U10: =IF(AND(S10=1,INT($A10)=INT($A9),ISNUMBER(R9)),R10/R9-1,"") | V10: 8.3401003 | W10: 7772.6499 | X10: 1 | Y10: =IF(AND(X10=1,INT($A10)=INT($A9),ISNUMBER(V9)),V10/V9-1,"") | Z10: =IF(AND(X10=1,INT($A10)=INT($A9),ISNUMBER(W9)),W10/W9-1,"") | AA10: 8.5550003 | AB10: 254.31 | AC10: 1 | AD10: =IF(AND(AC10=1,INT($A10)=INT($A9),ISNUMBER(AA9)),AA10/AA9-1,"") | AE10: =IF(AND(AC10=1,INT($A10)=INT($A9),ISNUMBER(AB9)),AB10/AB9-1,"") | AF10: 4.8299999 | AG10: 184.655 | AH10: 1 | AI10: =IF(AND(AH10=1,INT($A10)=INT($A9),ISNUMBER(AF9)),AF10/AF9-1,"") | AJ10: =IF(AND(AH10=1,INT($A10)=INT($A9),ISNUMBER(AG9)),AG10/AG9-1,"")
A11: 46287.438 | B11: 7.9549999 | C11: 363.465 | D11: 1 | E11: =IF(AND(D11=1,INT($A11)=INT($A10),ISNUMBER(B10)),B11/B10-1,"") | F11: =IF(AND(D11=1,INT($A11)=INT($A10),ISNUMBER(C10)),C11/C10-1,"") | G11: 10.0692 | H11: 340.44 | I11: 1 | J11: =IF(AND(I11=1,INT($A11)=INT($A10),ISNUMBER(G10)),G11/G10-1,"") | K11: =IF(AND(I11=1,INT($A11)=INT($A10),ISNUMBER(H10)),H11/H10-1,"") | L11: 12.465 | M11: 750.42999 | N11: 1 | O11: =IF(AND(N11=1,INT($A11)=INT($A10),ISNUMBER(L10)),L11/L10-1,"") | P11: =IF(AND(N11=1,INT($A11)=INT($A10),ISNUMBER(M10)),M11/M10-1,"") | Q11: 10.265 | R11: 498.32001 | S11: 1 | T11: =IF(AND(S11=1,INT($A11)=INT($A10),ISNUMBER(Q10)),Q11/Q10-1,"") | U11: =IF(AND(S11=1,INT($A11)=INT($A10),ISNUMBER(R10)),R11/R10-1,"") | V11: 8.3450003 | W11: 7769.29 | X11: 1 | Y11: =IF(AND(X11=1,INT($A11)=INT($A10),ISNUMBER(V10)),V11/V10-1,"") | Z11: =IF(AND(X11=1,INT($A11)=INT($A10),ISNUMBER(W10)),W11/W10-1,"") | AA11: 8.4799995 | AB11: 256.85001 | AC11: 1 | AD11: =IF(AND(AC11=1,INT($A11)=INT($A10),ISNUMBER(AA10)),AA11/AA10-1,"") | AE11: =IF(AND(AC11=1,INT($A11)=INT($A10),ISNUMBER(AB10)),AB11/AB10-1,"") | AF11: 4.9137998 | AG11: 182.295 | AH11: 1 | AI11: =IF(AND(AH11=1,INT($A11)=INT($A10),ISNUMBER(AF10)),AF11/AF10-1,"") | AJ11: =IF(AND(AH11=1,INT($A11)=INT($A10),ISNUMBER(AG10)),AG11/AG10-1,"")
A12: 46287.479 | B12: 7.9700999 | C12: 362.80499 | D12: 1 | E12: =IF(AND(D12=1,INT($A12)=INT($A11),ISNUMBER(B11)),B12/B11-1,"") | F12: =IF(AND(D12=1,INT($A12)=INT($A11),ISNUMBER(C11)),C12/C11-1,"") | G12: 9.9799995 | H12: 343.26999 | I12: 1 | J12: =IF(AND(I12=1,INT($A12)=INT($A11),ISNUMBER(G11)),G12/G11-1,"") | K12: =IF(AND(I12=1,INT($A12)=INT($A11),ISNUMBER(H11)),H12/H11-1,"") | L12: 12.495 | M12: 748.61969 | N12: 1 | O12: =IF(AND(N12=1,INT($A12)=INT($A11),ISNUMBER(L11)),L12/L11-1,"") | P12: =IF(AND(N12=1,INT($A12)=INT($A11),ISNUMBER(M11)),M12/M11-1,"") | Q12: 10.325 | R12: 495.48999 | S12: 1 | T12: =IF(AND(S12=1,INT($A12)=INT($A11),ISNUMBER(Q11)),Q12/Q11-1,"") | U12: =IF(AND(S12=1,INT($A12)=INT($A11),ISNUMBER(R11)),R12/R11-1,"") | V12: 8.3500004 | W12: 7761.9302 | X12: 1 | Y12: =IF(AND(X12=1,INT($A12)=INT($A11),ISNUMBER(V11)),V12/V11-1,"") | Z12: =IF(AND(X12=1,INT($A12)=INT($A11),ISNUMBER(W11)),W12/W11-1,"") | AA12: 8.5349998 | AB12: 255.325 | AC12: 1 | AD12: =IF(AND(AC12=1,INT($A12)=INT($A11),ISNUMBER(AA11)),AA12/AA11-1,"") | AE12: =IF(AND(AC12=1,INT($A12)=INT($A11),ISNUMBER(AB11)),AB12/AB11-1,"") | AF12: 4.8649998 | AG12: 184.1039 | AH12: 1 | AI12: =IF(AND(AH12=1,INT($A12)=INT($A11),ISNUMBER(AF11)),AF12/AF11-1,"") | AJ12: =IF(AND(AH12=1,INT($A12)=INT($A11),ISNUMBER(AG11)),AG12/AG11-1,"")
A13: 46287.521 | B13: 7.98 | C13: 362.64499 | D13: 1 | E13: =IF(AND(D13=1,INT($A13)=INT($A12),ISNUMBER(B12)),B13/B12-1,"") | F13: =IF(AND(D13=1,INT($A13)=INT($A12),ISNUMBER(C12)),C13/C12-1,"") | G13: 10.01 | H13: 342.42999 | I13: 1 | J13: =IF(AND(I13=1,INT($A13)=INT($A12),ISNUMBER(G12)),G13/G12-1,"") | K13: =IF(AND(I13=1,INT($A13)=INT($A12),ISNUMBER(H12)),H13/H12-1,"") | L13: 12.455 | M13: 750.75598 | N13: 1 | O13: =IF(AND(N13=1,INT($A13)=INT($A12),ISNUMBER(L12)),L13/L12-1,"") | P13: =IF(AND(N13=1,INT($A13)=INT($A12),ISNUMBER(M12)),M13/M12-1,"") | Q13: 10.33 | R13: 495.005 | S13: 1 | T13: =IF(AND(S13=1,INT($A13)=INT($A12),ISNUMBER(Q12)),Q13/Q12-1,"") | U13: =IF(AND(S13=1,INT($A13)=INT($A12),ISNUMBER(R12)),R13/R12-1,"") | V13: 8.3549995 | W13: 7758.6802 | X13: 1 | Y13: =IF(AND(X13=1,INT($A13)=INT($A12),ISNUMBER(V12)),V13/V12-1,"") | Z13: =IF(AND(X13=1,INT($A13)=INT($A12),ISNUMBER(W12)),W13/W12-1,"") | AA13: 8.5698996 | AB13: 254.31 | AC13: 1 | AD13: =IF(AND(AC13=1,INT($A13)=INT($A12),ISNUMBER(AA12)),AA13/AA12-1,"") | AE13: =IF(AND(AC13=1,INT($A13)=INT($A12),ISNUMBER(AB12)),AB13/AB12-1,"") | AF13: 4.875 | AG13: 183.77 | AH13: 1 | AI13: =IF(AND(AH13=1,INT($A13)=INT($A12),ISNUMBER(AF12)),AF13/AF12-1,"") | AJ13: =IF(AND(AH13=1,INT($A13)=INT($A12),ISNUMBER(AG12)),AG13/AG12-1,"")
A14: 46287.562 | B14: 7.9299998 | C14: 364.70999 | D14: 1 | E14: =IF(AND(D14=1,INT($A14)=INT($A13),ISNUMBER(B13)),B14/B13-1,"") | F14: =IF(AND(D14=1,INT($A14)=INT($A13),ISNUMBER(C13)),C14/C13-1,"") | G14: 10.035 | H14: 341.34161 | I14: 1 | J14: =IF(AND(I14=1,INT($A14)=INT($A13),ISNUMBER(G13)),G14/G13-1,"") | K14: =IF(AND(I14=1,INT($A14)=INT($A13),ISNUMBER(H13)),H14/H13-1,"") | L14: 12.5844 | M14: 742.51501 | N14: 1 | O14: =IF(AND(N14=1,INT($A14)=INT($A13),ISNUMBER(L13)),L14/L13-1,"") | P14: =IF(AND(N14=1,INT($A14)=INT($A13),ISNUMBER(M13)),M14/M13-1,"") | Q14: 10.295 | R14: 496.95001 | S14: 1 | T14: =IF(AND(S14=1,INT($A14)=INT($A13),ISNUMBER(Q13)),Q14/Q13-1,"") | U14: =IF(AND(S14=1,INT($A14)=INT($A13),ISNUMBER(R13)),R14/R13-1,"") | V14: 8.3500004 | W14: 7765.6802 | X14: 1 | Y14: =IF(AND(X14=1,INT($A14)=INT($A13),ISNUMBER(V13)),V14/V13-1,"") | Z14: =IF(AND(X14=1,INT($A14)=INT($A13),ISNUMBER(W13)),W14/W13-1,"") | AA14: 8.5799999 | AB14: 254 | AC14: 1 | AD14: =IF(AND(AC14=1,INT($A14)=INT($A13),ISNUMBER(AA13)),AA14/AA13-1,"") | AE14: =IF(AND(AC14=1,INT($A14)=INT($A13),ISNUMBER(AB13)),AB14/AB13-1,"") | AF14: 4.8400002 | AG14: 185.05499 | AH14: 1 | AI14: =IF(AND(AH14=1,INT($A14)=INT($A13),ISNUMBER(AF13)),AF14/AF13-1,"") | AJ14: =IF(AND(AH14=1,INT($A14)=INT($A13),ISNUMBER(AG13)),AG14/AG13-1,"")
... A57: 46294.667 | B57: 8.1549997 | C57: 355.13 | D57: 1 | E57: =IF(AND(D57=1,INT($A57)=INT($A56),ISNUMBER(B56)),B57/B56-1,"") | F57: =IF(AND(D57=1,INT($A57)=INT($A56),ISNUMBER(C56)),C57/C56-1,"") | G57: 10.405 | H57: 329.59 | I57: 1 | J57: =IF(AND(I57=1,INT($A57)=INT($A56),ISNUMBER(G56)),G57/G56-1,"") | K57: =IF(AND(I57=1,INT($A57)=INT($A56),ISNUMBER(H56)),H57/H56-1,"") | L57: 12.585 | M57: 739.02002 | N57: 1 | O57: =IF(AND(N57=1,INT($A57)=INT($A56),ISNUMBER(L56)),L57/L56-1,"") | P57: =IF(AND(N57=1,INT($A57)=INT($A56),ISNUMBER(M56)),M57/M56-1,"") | Q57: 10.05 | R57: 509.04001 | S57: 1 | T57: =IF(AND(S57=1,INT($A57)=INT($A56),ISNUMBER(Q56)),Q57/Q56-1,"") | U57: =IF(AND(S57=1,INT($A57)=INT($A56),ISNUMBER(R56)),R57/R56-1,"") | V57: 8.4700003 | W57: 7671.8501 | X57: 1 | Y57: =IF(AND(X57=1,INT($A57)=INT($A56),ISNUMBER(V56)),V57/V56-1,"") | Z57: =IF(AND(X57=1,INT($A57)=INT($A56),ISNUMBER(W56)),W57/W56-1,"") | AA57: 8.8400002 | AB57: 246.69501 | AC57: 1 | AD57: =IF(AND(AC57=1,INT($A57)=INT($A56),ISNUMBER(AA56)),AA57/AA56-1,"") | AE57: =IF(AND(AC57=1,INT($A57)=INT($A56),ISNUMBER(AB56)),AB57/AB56-1,"") | AF57: 4.7849998 | AG57: 186.97 | AH57: 1 | AI57: =IF(AND(AH57=1,INT($A57)=INT($A56),ISNUMBER(AF56)),AF57/AF56-1,"") | AJ57: =IF(AND(AH57=1,INT($A57)=INT($A56),ISNUMBER(AG56)),AG57/AG56-1,"")

Sheet RD
A1: Date | B1: AVS adj close | C1: AVGO adj close | D1: AVS return | E1: AVGO return | F1: AAPD adj close | G1: AAPL adj close | H1: AAPD return | I1: AAPL return | J1: METD adj close | K1: META adj close | L1: METD return | M1: META return | N1: MSFD adj close | O1: MSFT adj close | P1: MSFD return | Q1: MSFT return | R1: SPDN adj close | S1: SPX adj close | T1: SPDN return | U1: SPX return | V1: AMZD adj close | W1: AMZN adj close | X1: AMZD return | Y1: AMZN return | Z1: PLTD adj close | AA1: PLTR adj close | AB1: PLTD return | AC1: PLTR return
A2: 45930 | B2: 10.275486 | C2: 327.47516 | F2: 13.474568 | G2: 253.69287 | J2: 14.201592 | K2: 731.8974 | N2: 10.442075 | O2: 513.72327 | R2: 9.2800293 | S2: 6688.46 | V2: 10.52232 | W2: 219.57001 | Z2: 6.5663404 | AA2: 182.42
A3: 45931 | B3: 10.158995 | C3: 330.92947 | D3: =IF(AND(ISNUMBER(B3),ISNUMBER(B2),ISNUMBER(C3),ISNUMBER(C2)),B3/B2-1,"") | E3: =IF(AND(ISNUMBER(B3),ISNUMBER(B2),ISNUMBER(C3),ISNUMBER(C2)),C3/C2-1,"") | F3: 13.426445 | G3: 254.50984 | H3: =IF(AND(ISNUMBER(F3),ISNUMBER(F2),ISNUMBER(G3),ISNUMBER(G2)),F3/F2-1,"") | I3: =IF(AND(ISNUMBER(F3),ISNUMBER(F2),ISNUMBER(G3),ISNUMBER(G2)),G3/G2-1,"") | J3: 14.499699 | K3: 714.91498 | L3: =IF(AND(ISNUMBER(J3),ISNUMBER(J2),ISNUMBER(K3),ISNUMBER(K2)),J3/J2-1,"") | M3: =IF(AND(ISNUMBER(J3),ISNUMBER(J2),ISNUMBER(K3),ISNUMBER(K2)),K3/K2-1,"") | N3: 10.398506 | O3: 515.46893 | P3: =IF(AND(ISNUMBER(N3),ISNUMBER(N2),ISNUMBER(O3),ISNUMBER(O2)),N3/N2-1,"") | Q3: =IF(AND(ISNUMBER(N3),ISNUMBER(N2),ISNUMBER(O3),ISNUMBER(O2)),O3/O2-1,"") | R3: 9.2510586 | S3: 6711.2002 | T3: =IF(AND(ISNUMBER(R3),ISNUMBER(R2),ISNUMBER(S3),ISNUMBER(S2)),R3/R2-1,"") | U3: =IF(AND(ISNUMBER(R3),ISNUMBER(R2),ISNUMBER(S3),ISNUMBER(S2)),S3/S2-1,"") | V3: 10.473515 | W3: 220.63 | X3: =IF(AND(ISNUMBER(V3),ISNUMBER(V2),ISNUMBER(W3),ISNUMBER(W2)),V3/V2-1,"") | Y3: =IF(AND(ISNUMBER(V3),ISNUMBER(V2),ISNUMBER(W3),ISNUMBER(W2)),W3/W2-1,"") | Z3: 6.4692049 | AA3: 184.95 | AB3: =IF(AND(ISNUMBER(Z3),ISNUMBER(Z2),ISNUMBER(AA3),ISNUMBER(AA2)),Z3/Z2-1,"") | AC3: =IF(AND(ISNUMBER(Z3),ISNUMBER(Z2),ISNUMBER(AA3),ISNUMBER(AA2)),AA3/AA2-1,"")
A4: 45932 | B4: 10.023089 | C4: 335.68405 | D4: =IF(AND(ISNUMBER(B4),ISNUMBER(B3),ISNUMBER(C4),ISNUMBER(C3)),B4/B3-1,"") | E4: =IF(AND(ISNUMBER(B4),ISNUMBER(B3),ISNUMBER(C4),ISNUMBER(C3)),C4/C3-1,"") | F4: 13.339822 | G4: 256.18365 | H4: =IF(AND(ISNUMBER(F4),ISNUMBER(F3),ISNUMBER(G4),ISNUMBER(G3)),F4/F3-1,"") | I4: =IF(AND(ISNUMBER(F4),ISNUMBER(F3),ISNUMBER(G4),ISNUMBER(G3)),G4/G3-1,"") | J4: 14.328653 | K4: 724.5921 | L4: =IF(AND(ISNUMBER(J4),ISNUMBER(J3),ISNUMBER(K4),ISNUMBER(K3)),J4/J3-1,"") | M4: =IF(AND(ISNUMBER(J4),ISNUMBER(J3),ISNUMBER(K4),ISNUMBER(K3)),K4/K3-1,"") | N4: 10.485645 | O4: 511.53125 | P4: =IF(AND(ISNUMBER(N4),ISNUMBER(N3),ISNUMBER(O4),ISNUMBER(O3)),N4/N3-1,"") | Q4: =IF(AND(ISNUMBER(N4),ISNUMBER(N3),ISNUMBER(O4),ISNUMBER(O3)),O4/O3-1,"") | R4: 9.2414026 | S4: 6715.3501 | T4: =IF(AND(ISNUMBER(R4),ISNUMBER(R3),ISNUMBER(S4),ISNUMBER(S3)),R4/R3-1,"") | U4: =IF(AND(ISNUMBER(R4),ISNUMBER(R3),ISNUMBER(S4),ISNUMBER(S3)),S4/S3-1,"") | V4: 10.392498 | W4: 222.41 | X4: =IF(AND(ISNUMBER(V4),ISNUMBER(V3),ISNUMBER(W4),ISNUMBER(W3)),V4/V3-1,"") | Y4: =IF(AND(ISNUMBER(V4),ISNUMBER(V3),ISNUMBER(W4),ISNUMBER(W3)),W4/W3-1,"") | Z4: 6.4012108 | AA4: 187.05 | AB4: =IF(AND(ISNUMBER(Z4),ISNUMBER(Z3),ISNUMBER(AA4),ISNUMBER(AA3)),Z4/Z3-1,"") | AC4: =IF(AND(ISNUMBER(Z4),ISNUMBER(Z3),ISNUMBER(AA4),ISNUMBER(AA3)),AA4/AA3-1,"")
A5: 45933 | B5: 10.018235 | C5: 335.87265 | D5: =IF(AND(ISNUMBER(B5),ISNUMBER(B4),ISNUMBER(C5),ISNUMBER(C4)),B5/B4-1,"") | E5: =IF(AND(ISNUMBER(B5),ISNUMBER(B4),ISNUMBER(C5),ISNUMBER(C4)),C5/C4-1,"") | F5: 13.310948 | G5: 257.07037 | H5: =IF(AND(ISNUMBER(F5),ISNUMBER(F4),ISNUMBER(G5),ISNUMBER(G4)),F5/F4-1,"") | I5: =IF(AND(ISNUMBER(F5),ISNUMBER(F4),ISNUMBER(G5),ISNUMBER(G4)),G5/G4-1,"") | J5: 14.651195 | K5: 708.15784 | L5: =IF(AND(ISNUMBER(J5),ISNUMBER(J4),ISNUMBER(K5),ISNUMBER(K4)),J5/J4-1,"") | M5: =IF(AND(ISNUMBER(J5),ISNUMBER(J4),ISNUMBER(K5),ISNUMBER(K4)),K5/K4-1,"") | N5: 10.465313 | O5: 513.12805 | P5: =IF(AND(ISNUMBER(N5),ISNUMBER(N4),ISNUMBER(O5),ISNUMBER(O4)),N5/N4-1,"") | Q5: =IF(AND(ISNUMBER(N5),ISNUMBER(N4),ISNUMBER(O5),ISNUMBER(O4)),O5/O4-1,"") | R5: 9.2510586 | S5: 6715.79 | T5: =IF(AND(ISNUMBER(R5),ISNUMBER(R4),ISNUMBER(S5),ISNUMBER(S4)),R5/R4-1,"") | U5: =IF(AND(ISNUMBER(R5),ISNUMBER(R4),ISNUMBER(S5),ISNUMBER(S4)),S5/S4-1,"") | V5: 10.536962 | W5: 219.50999 | X5: =IF(AND(ISNUMBER(V5),ISNUMBER(V4),ISNUMBER(W5),ISNUMBER(W4)),V5/V4-1,"") | Y5: =IF(AND(ISNUMBER(V5),ISNUMBER(V4),ISNUMBER(W5),ISNUMBER(W4)),W5/W4-1,"") | Z5: 6.8868866 | AA5: 173.07001 | AB5: =IF(AND(ISNUMBER(Z5),ISNUMBER(Z4),ISNUMBER(AA5),ISNUMBER(AA4)),Z5/Z4-1,"") | AC5: =IF(AND(ISNUMBER(Z5),ISNUMBER(Z4),ISNUMBER(AA5),ISNUMBER(AA4)),AA5/AA4-1,"")
A6: 45936 | B6: 10.105604 | C6: 333.01392 | D6: =IF(AND(ISNUMBER(B6),ISNUMBER(B5),ISNUMBER(C6),ISNUMBER(C5)),B6/B5-1,"") | E6: =IF(AND(ISNUMBER(B6),ISNUMBER(B5),ISNUMBER(C6),ISNUMBER(C5)),C6/C5-1,"") | F6: 13.373508 | G6: 255.7453 | H6: =IF(AND(ISNUMBER(F6),ISNUMBER(F5),ISNUMBER(G6),ISNUMBER(G5)),F6/F5-1,"") | I6: =IF(AND(ISNUMBER(F6),ISNUMBER(F5),ISNUMBER(G6),ISNUMBER(G5)),G6/G5-1,"") | J6: 14.543682 | K6: 713.2406 | L6: =IF(AND(ISNUMBER(J6),ISNUMBER(J5),ISNUMBER(K6),ISNUMBER(K5)),J6/J5-1,"") | M6: =IF(AND(ISNUMBER(J6),ISNUMBER(J5),ISNUMBER(K6),ISNUMBER(K5)),K6/K5-1,"") | N6: 10.229071 | O6: 524.25659 | P6: =IF(AND(ISNUMBER(N6),ISNUMBER(N5),ISNUMBER(O6),ISNUMBER(O5)),N6/N5-1,"") | Q6: =IF(AND(ISNUMBER(N6),ISNUMBER(N5),ISNUMBER(O6),ISNUMBER(O5)),O6/O5-1,"") | R6: 9.2124329 | S6: 6740.2798 | T6: =IF(AND(ISNUMBER(R6),ISNUMBER(R5),ISNUMBER(S6),ISNUMBER(S5)),R6/R5-1,"") | U6: =IF(AND(ISNUMBER(R6),ISNUMBER(R5),ISNUMBER(S6),ISNUMBER(S5)),S6/S5-1,"") | V6: 10.472539 | W6: 220.89999 | X6: =IF(AND(ISNUMBER(V6),ISNUMBER(V5),ISNUMBER(W6),ISNUMBER(W5)),V6/V5-1,"") | Y6: =IF(AND(ISNUMBER(V6),ISNUMBER(V5),ISNUMBER(W6),ISNUMBER(W5)),W6/W5-1,"") | Z6: 6.6246214 | AA6: 179.53 | AB6: =IF(AND(ISNUMBER(Z6),ISNUMBER(Z5),ISNUMBER(AA6),ISNUMBER(AA5)),Z6/Z5-1,"") | AC6: =IF(AND(ISNUMBER(Z6),ISNUMBER(Z5),ISNUMBER(AA6),ISNUMBER(AA5)),AA6/AA5-1,"")
A7: 45937 | B7: 10.086189 | C7: 333.92715 | D7: =IF(AND(ISNUMBER(B7),ISNUMBER(B6),ISNUMBER(C7),ISNUMBER(C6)),B7/B6-1,"") | E7: =IF(AND(ISNUMBER(B7),ISNUMBER(B6),ISNUMBER(C7),ISNUMBER(C6)),C7/C6-1,"") | F7: 13.39757 | G7: 255.53606 | H7: =IF(AND(ISNUMBER(F7),ISNUMBER(F6),ISNUMBER(G7),ISNUMBER(G6)),F7/F6-1,"") | I7: =IF(AND(ISNUMBER(F7),ISNUMBER(F6),ISNUMBER(G7),ISNUMBER(G6)),G7/G6-1,"") | J7: 14.602324 | K7: 710.66943 | L7: =IF(AND(ISNUMBER(J7),ISNUMBER(J6),ISNUMBER(K7),ISNUMBER(K6)),J7/J6-1,"") | M7: =IF(AND(ISNUMBER(J7),ISNUMBER(J6),ISNUMBER(K7),ISNUMBER(K6)),K7/K6-1,"") | N7: 10.32105 | O7: 519.70398 | P7: =IF(AND(ISNUMBER(N7),ISNUMBER(N6),ISNUMBER(O7),ISNUMBER(O6)),N7/N6-1,"") | Q7: =IF(AND(ISNUMBER(N7),ISNUMBER(N6),ISNUMBER(O7),ISNUMBER(O6)),O7/O6-1,"") | R7: 9.2607164 | S7: 6714.5898 | T7: =IF(AND(ISNUMBER(R7),ISNUMBER(R6),ISNUMBER(S7),ISNUMBER(S6)),R7/R6-1,"") | U7: =IF(AND(ISNUMBER(R7),ISNUMBER(R6),ISNUMBER(S7),ISNUMBER(S6)),S7/S6-1,"") | V7: 10.43447 | W7: 221.78 | X7: =IF(AND(ISNUMBER(V7),ISNUMBER(V6),ISNUMBER(W7),ISNUMBER(W6)),V7/V6-1,"") | Y7: =IF(AND(ISNUMBER(V7),ISNUMBER(V6),ISNUMBER(W7),ISNUMBER(W6)),W7/W6-1,"") | Z7: 6.5274854 | AA7: 182.17 | AB7: =IF(AND(ISNUMBER(Z7),ISNUMBER(Z6),ISNUMBER(AA7),ISNUMBER(AA6)),Z7/Z6-1,"") | AC7: =IF(AND(ISNUMBER(Z7),ISNUMBER(Z6),ISNUMBER(AA7),ISNUMBER(AA6)),AA7/AA6-1,"")
A8: 45938 | B8: 9.8046684 | C8: 342.95004 | D8: =IF(AND(ISNUMBER(B8),ISNUMBER(B7),ISNUMBER(C8),ISNUMBER(C7)),B8/B7-1,"") | E8: =IF(AND(ISNUMBER(B8),ISNUMBER(B7),ISNUMBER(C8),ISNUMBER(C7)),C8/C7-1,"") | F8: 13.310948 | G8: 257.11023 | H8: =IF(AND(ISNUMBER(F8),ISNUMBER(F7),ISNUMBER(G8),ISNUMBER(G7)),F8/F7-1,"") | I8: =IF(AND(ISNUMBER(F8),ISNUMBER(F7),ISNUMBER(G8),ISNUMBER(G7)),G8/G7-1,"") | J8: 14.504586 | K8: 715.41327 | L8: =IF(AND(ISNUMBER(J8),ISNUMBER(J7),ISNUMBER(K8),ISNUMBER(K7)),J8/J7-1,"") | M8: =IF(AND(ISNUMBER(J8),ISNUMBER(J7),ISNUMBER(K8),ISNUMBER(K7)),K8/K7-1,"") | N8: 10.316209 | O8: 520.56689 | P8: =IF(AND(ISNUMBER(N8),ISNUMBER(N7),ISNUMBER(O8),ISNUMBER(O7)),N8/N7-1,"") | Q8: =IF(AND(ISNUMBER(N8),ISNUMBER(N7),ISNUMBER(O8),ISNUMBER(O7)),O8/O7-1,"") | R8: 9.2124329 | S8: 6753.7202 | T8: =IF(AND(ISNUMBER(R8),ISNUMBER(R7),ISNUMBER(S8),ISNUMBER(S7)),R8/R7-1,"") | U8: =IF(AND(ISNUMBER(R8),ISNUMBER(R7),ISNUMBER(S8),ISNUMBER(S7)),S8/S7-1,"") | V8: 10.268536 | W8: 225.22 | X8: =IF(AND(ISNUMBER(V8),ISNUMBER(V7),ISNUMBER(W8),ISNUMBER(W7)),V8/V7-1,"") | Y8: =IF(AND(ISNUMBER(V8),ISNUMBER(V7),ISNUMBER(W8),ISNUMBER(W7)),W8/W7-1,"") | Z8: 6.4789186 | AA8: 183.56 | AB8: =IF(AND(ISNUMBER(Z8),ISNUMBER(Z7),ISNUMBER(AA8),ISNUMBER(AA7)),Z8/Z7-1,"") | AC8: =IF(AND(ISNUMBER(Z8),ISNUMBER(Z7),ISNUMBER(AA8),ISNUMBER(AA7)),AA8/AA7-1,"")
A9: 45939 | B9: 9.8337927 | C9: 342.4736 | D9: =IF(AND(ISNUMBER(B9),ISNUMBER(B8),ISNUMBER(C9),ISNUMBER(C8)),B9/B8-1,"") | E9: =IF(AND(ISNUMBER(B9),ISNUMBER(B8),ISNUMBER(C9),ISNUMBER(C8)),C9/C8-1,"") | F9: 13.523654 | G9: 253.10501 | H9: =IF(AND(ISNUMBER(F9),ISNUMBER(F8),ISNUMBER(G9),ISNUMBER(G8)),F9/F8-1,"") | I9: =IF(AND(ISNUMBER(F9),ISNUMBER(F8),ISNUMBER(G9),ISNUMBER(G8)),G9/G8-1,"") | J9: 14.191818 | K9: 731.03033 | L9: =IF(AND(ISNUMBER(J9),ISNUMBER(J8),ISNUMBER(K9),ISNUMBER(K8)),J9/J8-1,"") | M9: =IF(AND(ISNUMBER(J9),ISNUMBER(J8),ISNUMBER(K9),ISNUMBER(K8)),K9/K8-1,"") | N9: 10.367523 | O9: 518.13696 | P9: =IF(AND(ISNUMBER(N9),ISNUMBER(N8),ISNUMBER(O9),ISNUMBER(O8)),N9/N8-1,"") | Q9: =IF(AND(ISNUMBER(N9),ISNUMBER(N8),ISNUMBER(O9),ISNUMBER(O8)),O9/O8-1,"") | R9: 9.2317457 | S9: 6735.1099 | T9: =IF(AND(ISNUMBER(R9),ISNUMBER(R8),ISNUMBER(S9),ISNUMBER(S8)),R9/R8-1,"") | U9: =IF(AND(ISNUMBER(R9),ISNUMBER(R8),ISNUMBER(S9),ISNUMBER(S8)),S9/S8-1,"") | V9: 10.156283 | W9: 227.74001 | X9: =IF(AND(ISNUMBER(V9),ISNUMBER(V8),ISNUMBER(W9),ISNUMBER(W8)),V9/V8-1,"") | Y9: =IF(AND(ISNUMBER(V9),ISNUMBER(V8),ISNUMBER(W9),ISNUMBER(W8)),W9/W8-1,"") | Z9: 6.4303508 | AA9: 185.47 | AB9: =IF(AND(ISNUMBER(Z9),ISNUMBER(Z8),ISNUMBER(AA9),ISNUMBER(AA8)),Z9/Z8-1,"") | AC9: =IF(AND(ISNUMBER(Z9),ISNUMBER(Z8),ISNUMBER(AA9),ISNUMBER(AA8)),AA9/AA8-1,"")
A10: 45940 | B10: 10.425954 | C10: 322.2341 | D10: =IF(AND(ISNUMBER(B10),ISNUMBER(B9),ISNUMBER(C10),ISNUMBER(C9)),B10/B9-1,"") | E10: =IF(AND(ISNUMBER(B10),ISNUMBER(B9),ISNUMBER(C10),ISNUMBER(C9)),C10/C9-1,"") | F10: 13.984677 | G10: 244.36731 | H10: =IF(AND(ISNUMBER(F10),ISNUMBER(F9),ISNUMBER(G10),ISNUMBER(G9)),F10/F9-1,"") | I10: =IF(AND(ISNUMBER(F10),ISNUMBER(F9),ISNUMBER(G10),ISNUMBER(G9)),G10/G9-1,"") | J10: 14.748936 | K10: 702.91565 | L10: =IF(AND(ISNUMBER(J10),ISNUMBER(J9),ISNUMBER(K10),ISNUMBER(K9)),J10/J9-1,"") | M10: =IF(AND(ISNUMBER(J10),ISNUMBER(J9),ISNUMBER(K10),ISNUMBER(K9)),K10/K9-1,"") | N10: 10.593116 | O10: 506.79028 | P10: =IF(AND(ISNUMBER(N10),ISNUMBER(N9),ISNUMBER(O10),ISNUMBER(O9)),N10/N9-1,"") | Q10: =IF(AND(ISNUMBER(N10),ISNUMBER(N9),ISNUMBER(O10),ISNUMBER(O9)),O10/O9-1,"") | R10: 9.4828176 | S10: 6552.5098 | T10: =IF(AND(ISNUMBER(R10),ISNUMBER(R9),ISNUMBER(S10),ISNUMBER(S9)),R10/R9-1,"") | U10: =IF(AND(ISNUMBER(R10),ISNUMBER(R9),ISNUMBER(S10),ISNUMBER(S9)),S10/S9-1,"") | V10: 10.688256 | W10: 216.37 | X10: =IF(AND(ISNUMBER(V10),ISNUMBER(V9),ISNUMBER(W10),ISNUMBER(W9)),V10/V9-1,"") | Y10: =IF(AND(ISNUMBER(V10),ISNUMBER(V9),ISNUMBER(W10),ISNUMBER(W9)),W10/W9-1,"") | Z10: 6.7800374 | AA10: 175.44 | AB10: =IF(AND(ISNUMBER(Z10),ISNUMBER(Z9),ISNUMBER(AA10),ISNUMBER(AA9)),Z10/Z9-1,"") | AC10: =IF(AND(ISNUMBER(Z10),ISNUMBER(Z9),ISNUMBER(AA10),ISNUMBER(AA9)),AA10/AA9-1,"")
A11: 45943 | B11: 9.3969498 | C11: 354.06741 | D11: =IF(AND(ISNUMBER(B11),ISNUMBER(B10),ISNUMBER(C11),ISNUMBER(C10)),B11/B10-1,"") | E11: =IF(AND(ISNUMBER(B11),ISNUMBER(B10),ISNUMBER(C11),ISNUMBER(C10)),C11/C10-1,"") | F11: 13.865331 | G11: 246.74852 | H11: =IF(AND(ISNUMBER(F11),ISNUMBER(F10),ISNUMBER(G11),ISNUMBER(G10)),F11/F10-1,"") | I11: =IF(AND(ISNUMBER(F11),ISNUMBER(F10),ISNUMBER(G11),ISNUMBER(G10)),G11/G10-1,"") | J11: 14.543682 | K11: 713.28052 | L11: =IF(AND(ISNUMBER(J11),ISNUMBER(J10),ISNUMBER(K11),ISNUMBER(K10)),J11/J10-1,"") | M11: =IF(AND(ISNUMBER(J11),ISNUMBER(J10),ISNUMBER(K11),ISNUMBER(K10)),K11/K10-1,"") | N11: 10.532118 | O11: 509.85507 | P11: =IF(AND(ISNUMBER(N11),ISNUMBER(N10),ISNUMBER(O11),ISNUMBER(O10)),N11/N10-1,"") | Q11: =IF(AND(ISNUMBER(N11),ISNUMBER(N10),ISNUMBER(O11),ISNUMBER(O10)),O11/O10-1,"") | R11: 9.3379679 | S11: 6654.7202 | T11: =IF(AND(ISNUMBER(R11),ISNUMBER(R10),ISNUMBER(S11),ISNUMBER(S10)),R11/R10-1,"") | U11: =IF(AND(ISNUMBER(R11),ISNUMBER(R10),ISNUMBER(S11),ISNUMBER(S10)),S11/S10-1,"") | V11: 10.488155 | W11: 220.07001 | X11: =IF(AND(ISNUMBER(V11),ISNUMBER(V10),ISNUMBER(W11),ISNUMBER(W10)),V11/V10-1,"") | Y11: =IF(AND(ISNUMBER(V11),ISNUMBER(V10),ISNUMBER(W11),ISNUMBER(W10)),W11/W10-1,"") | Z11: 6.7120433 | AA11: 177.21001 | AB11: =IF(AND(ISNUMBER(Z11),ISNUMBER(Z10),ISNUMBER(AA11),ISNUMBER(AA10)),Z11/Z10-1,"") | AC11: =IF(AND(ISNUMBER(Z11),ISNUMBER(Z10),ISNUMBER(AA11),ISNUMBER(AA10)),AA11/AA10-1,"")
A12: 45944 | B12: 9.7173004 | C12: 341.59021 | D12: =IF(AND(ISNUMBER(B12),ISNUMBER(B11),ISNUMBER(C12),ISNUMBER(C11)),B12/B11-1,"") | E12: =IF(AND(ISNUMBER(B12),ISNUMBER(B11),ISNUMBER(C12),ISNUMBER(C11)),C12/C11-1,"") | F12: 13.862443 | G12: 246.85811 | H12: =IF(AND(ISNUMBER(F12),ISNUMBER(F11),ISNUMBER(G12),ISNUMBER(G11)),F12/F11-1,"") | I12: =IF(AND(ISNUMBER(F12),ISNUMBER(F11),ISNUMBER(G12),ISNUMBER(G11)),G12/G11-1,"") | J12: 14.680517 | K12: 706.25439 | L12: =IF(AND(ISNUMBER(J12),ISNUMBER(J11),ISNUMBER(K12),ISNUMBER(K11)),J12/J11-1,"") | M12: =IF(AND(ISNUMBER(J12),ISNUMBER(J11),ISNUMBER(K12),ISNUMBER(K11)),K12/K11-1,"") | N12: 10.538897 | O12: 509.37903 | P12: =IF(AND(ISNUMBER(N12),ISNUMBER(N11),ISNUMBER(O12),ISNUMBER(O11)),N12/N11-1,"") | Q12: =IF(AND(ISNUMBER(N12),ISNUMBER(N11),ISNUMBER(O12),ISNUMBER(O11)),O12/O11-1,"") | R12: 9.3669386 | S12: 6644.3101 | T12: =IF(AND(ISNUMBER(R12),ISNUMBER(R11),ISNUMBER(S12),ISNUMBER(S11)),R12/R11-1,"") | U12: =IF(AND(ISNUMBER(R12),ISNUMBER(R11),ISNUMBER(S12),ISNUMBER(S11)),S12/S11-1,"") | V12: 10.658973 | W12: 216.39 | X12: =IF(AND(ISNUMBER(V12),ISNUMBER(V11),ISNUMBER(W12),ISNUMBER(W11)),V12/V11-1,"") | Y12: =IF(AND(ISNUMBER(V12),ISNUMBER(V11),ISNUMBER(W12),ISNUMBER(W11)),W12/W11-1,"") | Z12: 6.6051941 | AA12: 179.74001 | AB12: =IF(AND(ISNUMBER(Z12),ISNUMBER(Z11),ISNUMBER(AA12),ISNUMBER(AA11)),Z12/Z11-1,"") | AC12: =IF(AND(ISNUMBER(Z12),ISNUMBER(Z11),ISNUMBER(AA12),ISNUMBER(AA11)),AA12/AA11-1,"")
A13: 45945 | B13: 9.5231495 | C13: 348.73703 | D13: =IF(AND(ISNUMBER(B13),ISNUMBER(B12),ISNUMBER(C13),ISNUMBER(C12)),B13/B12-1,"") | E13: =IF(AND(ISNUMBER(B13),ISNUMBER(B12),ISNUMBER(C13),ISNUMBER(C12)),C13/C12-1,"") | F13: 13.772934 | G13: 248.42232 | H13: =IF(AND(ISNUMBER(F13),ISNUMBER(F12),ISNUMBER(G13),ISNUMBER(G12)),F13/F12-1,"") | I13: =IF(AND(ISNUMBER(F13),ISNUMBER(F12),ISNUMBER(G13),ISNUMBER(G12)),G13/G12-1,"") | J13: 14.494812 | K13: 715.12421 | L13: =IF(AND(ISNUMBER(J13),ISNUMBER(J12),ISNUMBER(K13),ISNUMBER(K12)),J13/J12-1,"") | M13: =IF(AND(ISNUMBER(J13),ISNUMBER(J12),ISNUMBER(K13),ISNUMBER(K12)),K13/K12-1,"") | N13: 10.559229 | O13: 509.24014 | P13: =IF(AND(ISNUMBER(N13),ISNUMBER(N12),ISNUMBER(O13),ISNUMBER(O12)),N13/N12-1,"") | Q13: =IF(AND(ISNUMBER(N13),ISNUMBER(N12),ISNUMBER(O13),ISNUMBER(O12)),O13/O12-1,"") | R13: 9.328311 | S13: 6671.0601 | T13: =IF(AND(ISNUMBER(R13),ISNUMBER(R12),ISNUMBER(S13),ISNUMBER(S12)),R13/R12-1,"") | U13: =IF(AND(ISNUMBER(R13),ISNUMBER(R12),ISNUMBER(S13),ISNUMBER(S12)),S13/S12-1,"") | V13: 10.698018 | W13: 215.57001 | X13: =IF(AND(ISNUMBER(V13),ISNUMBER(V12),ISNUMBER(W13),ISNUMBER(W12)),V13/V12-1,"") | Y13: =IF(AND(ISNUMBER(V13),ISNUMBER(V12),ISNUMBER(W13),ISNUMBER(W12)),W13/W12-1,"") | Z13: 6.6149077 | AA13: 179.62 | AB13: =IF(AND(ISNUMBER(Z13),ISNUMBER(Z12),ISNUMBER(AA13),ISNUMBER(AA12)),Z13/Z12-1,"") | AC13: =IF(AND(ISNUMBER(Z13),ISNUMBER(Z12),ISNUMBER(AA13),ISNUMBER(AA12)),AA13/AA12-1,"")
A14: 45946 | B14: 9.445487 | C14: 351.53622 | D14: =IF(AND(ISNUMBER(B14),ISNUMBER(B13),ISNUMBER(C14),ISNUMBER(C13)),B14/B13-1,"") | E14: =IF(AND(ISNUMBER(B14),ISNUMBER(B13),ISNUMBER(C14),ISNUMBER(C13)),C14/C13-1,"") | F14: 13.884581 | G14: 246.53928 | H14: =IF(AND(ISNUMBER(F14),ISNUMBER(F13),ISNUMBER(G14),ISNUMBER(G13)),F14/F13-1,"") | I14: =IF(AND(ISNUMBER(F14),ISNUMBER(F13),ISNUMBER(G14),ISNUMBER(G13)),G14/G13-1,"") | J14: 14.6121 | K14: 709.66278 | L14: =IF(AND(ISNUMBER(J14),ISNUMBER(J13),ISNUMBER(K14),ISNUMBER(K13)),J14/J13-1,"") | M14: =IF(AND(ISNUMBER(J14),ISNUMBER(J13),ISNUMBER(K14),ISNUMBER(K13)),K14/K13-1,"") | N14: 10.594084 | O14: 507.43497 | P14: =IF(AND(ISNUMBER(N14),ISNUMBER(N13),ISNUMBER(O14),ISNUMBER(O13)),N14/N13-1,"") | Q14: =IF(AND(ISNUMBER(N14),ISNUMBER(N13),ISNUMBER(O14),ISNUMBER(O13)),O14/O13-1,"") | R14: 9.3862514 | S14: 6629.0698 | T14: =IF(AND(ISNUMBER(R14),ISNUMBER(R13),ISNUMBER(S14),ISNUMBER(S13)),R14/R13-1,"") | U14: =IF(AND(ISNUMBER(R14),ISNUMBER(R13),ISNUMBER(S14),ISNUMBER(S13)),S14/S13-1,"") | V14: 10.769272 | W14: 214.47 | X14: =IF(AND(ISNUMBER(V14),ISNUMBER(V13),ISNUMBER(W14),ISNUMBER(W13)),V14/V13-1,"") | Y14: =IF(AND(ISNUMBER(V14),ISNUMBER(V13),ISNUMBER(W14),ISNUMBER(W13)),W14/W13-1,"") | Z14: 6.6731892 | AA14: 178.12 | AB14: =IF(AND(ISNUMBER(Z14),ISNUMBER(Z13),ISNUMBER(AA14),ISNUMBER(AA13)),Z14/Z13-1,"") | AC14: =IF(AND(ISNUMBER(Z14),ISNUMBER(Z13),ISNUMBER(AA14),ISNUMBER(AA13)),AA14/AA13-1,"")
... A252: 46294 | B252: 8.1599998 | C252: 355.10001 | D252: =IF(AND(ISNUMBER(B252),ISNUMBER(B251),ISNUMBER(C252),ISNUMBER(C251)),B252/B251-1,"") | E252: =IF(AND(ISNUMBER(B252),ISNUMBER(B251),ISNUMBER(C252),ISNUMBER(C251)),C252/C251-1,"") | F252: 10.41 | G252: 329.39999 | H252: =IF(AND(ISNUMBER(F252),ISNUMBER(F251),ISNUMBER(G252),ISNUMBER(G251)),F252/F251-1,"") | I252: =IF(AND(ISNUMBER(F252),ISNUMBER(F251),ISNUMBER(G252),ISNUMBER(G251)),G252/G251-1,"") | J252: 12.59 | K252: 738.78998 | L252: =IF(AND(ISNUMBER(J252),ISNUMBER(J251),ISNUMBER(K252),ISNUMBER(K251)),J252/J251-1,"") | M252: =IF(AND(ISNUMBER(J252),ISNUMBER(J251),ISNUMBER(K252),ISNUMBER(K251)),K252/K251-1,"") | N252: 10.04 | O252: 508.95999 | P252: =IF(AND(ISNUMBER(N252),ISNUMBER(N251),ISNUMBER(O252),ISNUMBER(O251)),N252/N251-1,"") | Q252: =IF(AND(ISNUMBER(N252),ISNUMBER(N251),ISNUMBER(O252),ISNUMBER(O251)),O252/O251-1,"") | R252: 8.4700003 | S252: 7670.8398 | T252: =IF(AND(ISNUMBER(R252),ISNUMBER(R251),ISNUMBER(S252),ISNUMBER(S251)),R252/R251-1,"") | U252: =IF(AND(ISNUMBER(R252),ISNUMBER(R251),ISNUMBER(S252),ISNUMBER(S251)),S252/S251-1,"") | V252: 8.8400002 | W252: 246.67 | X252: =IF(AND(ISNUMBER(V252),ISNUMBER(V251),ISNUMBER(W252),ISNUMBER(W251)),V252/V251-1,"") | Y252: =IF(AND(ISNUMBER(V252),ISNUMBER(V251),ISNUMBER(W252),ISNUMBER(W251)),W252/W251-1,"") | Z252: 4.7800002 | AA252: 186.97 | AB252: =IF(AND(ISNUMBER(Z252),ISNUMBER(Z251),ISNUMBER(AA252),ISNUMBER(AA251)),Z252/Z251-1,"") | AC252: =IF(AND(ISNUMBER(Z252),ISNUMBER(Z251),ISNUMBER(AA252),ISNUMBER(AA251)),AA252/AA251-1,"")
